claim_id,claim,paper_location,proof_or_source,checker_or_experiment,raw_result,maturity,boundary,fresh_recheck,independent_review
C01,Conditioning on a feasible full-shadow value leaves a uniform affine fiber under the uniform reference law.,Main Lemma 1; supplement Sec. I-B; proofs sections 1-2,proofs/theorems.md,tests/test_core.py; src/oracle.py,results/cases/named_cases.csv,proved; finite checked,Finite declared history; zero-likelihood fibers excluded; proof shadow may reveal more than transcript,2026-09-25 corrected-call-chain regeneration and final clean-archive recheck passed,not independently reviewed
C02,"For a rank-r affine response code, q ambient radius-t balls cover at most M(r,t,q) codewords, and the rank-only worst case is attained.",Main Lemma 2; supplement Sec. II-A; proofs section 3,proofs/theorems.md,src/coverage.py; src/campaigns.py coverage,results/coverage/profile.csv; results/coverage/direct.csv; results/coverage/subspaces.csv,proved; finite checked,"Exact minimax over all rank-r affine codes, not equality for each code geometry",2026-09-25 corrected-call-chain regeneration and final clean-archive recheck passed,not independently reviewed
C03,"The normalized hazard v(r,t,q) is nonincreasing in residual rank.",Main Lemma 3; supplement Sec. II-A; proofs section 3,proofs/theorems.md,src/campaigns.py coverage,results/coverage/subspaces.csv,proved; finite checked,Fixed t and q,2026-09-25 corrected-call-chain regeneration and final clean-archive recheck passed,not independently reviewed
C04,"A bounded retry epoch has conditional hazard at most v(r,t,q); fixed stagewise hazards compose by a survival product only when each fixed v_i holds uniformly over every live history reaching stage i.",Main Lemma `lem:epoch-hazard` and Theorem `thm:sequential-product`; supplement Sec. II-B; proofs section 4,proofs/theorems.md,src/certificate.py; src/oracle.py; src/campaigns.py,results/protocols/two_epoch.csv; results/protocols/post_rejection.csv; results/cases/path_budget_witness.json,proved; finite checked,Fixed map/radius within an epoch; finite horizon; history-dependent branch hazards require the finite adaptive admission theorem (`thm:admission`) or full recurrence,2026-09-25 corrected-call-chain regeneration and final clean-archive recheck passed,not independently reviewed
C05,A predictable product admission filter built from conditional epoch-hazard upper bounds bounds adaptive finite-horizon success by its declared budget.,Main Theorem `thm:admission`; supplement Sec. II-B; proofs section 4,proofs/theorems.md,tests/test_core.py; src/campaigns.py cases,results/cases/path_budget_witness.json; unit-test output in results/reproduction/quick.json,proved; finite witness,Finite horizon; each predictable v_i in [0;1] bounds the conditional hazard at every live history; pathwise admission condition,2026-09-25 corrected-call-chain regeneration and final clean-archive recheck passed,not independently reviewed
C06,One average conditional min-entropy deficit multiplies the terminal reference risk once; total-variation misspecification adds outside that multiplier.,Main Theorem `thm:entropy-transfer`; supplement Sec. II-C; proofs section 5,proofs/theorems.md,src/certificate.py; named capped-source case,results/cases/named_cases.csv,proved; finite witness,Reference bound must hold for every independent initial Z-law under same allowed policy,2026-09-25 corrected-call-chain regeneration and final clean-archive recheck passed,not independently reviewed
C07,The independent-BSC flag recurrence lower-bounds survival and hence gives a sound eventual-risk bound.,Main Theorem `thm:flag-soundness`; supplement Sec. III-A; proofs section 6,proofs/theorems.md,src/certificate.py; src/campaigns.py adaptive/additional,results/protocols/noisy_adaptive_obs0.csv; results/protocols/noisy_adaptive_obs1.csv; results/protocols/noisy_adaptive_obs2.csv; results/protocols/noisy_adaptive_obs3.csv; results/protocols/noisy_two_row.csv,proved; finite checked,Independent declared error bits; proof history retains flags; no correlated-error inference,2026-09-25 corrected-call-chain regeneration and final clean-archive recheck passed,not independently reviewed
C08,"Coherent signal coupling and affine-coset averaging are sound; in the exact local-coverage domain their risk hierarchy is B_C <= B_H <= min(B_R,B_F) <= B_0.",Main Theorem `thm:coset`; supplement Sec. III-B; proofs section 10,proofs/theorems.md,src/certificate.py; src/campaigns.py coverage/adaptive/additional,results/coverage/cosets.csv; results/protocols/noisy_*.csv; results/protocols/noisy_two_row.csv,proved; finite checked,Domination limited to exact local coverage and checked monotonic transitions; executable issuance is the minimum of independently sound complete bounds across methods,2026-09-25 corrected-call-chain regeneration and final clean-archive recheck passed,not independently reviewed
C09,"The exact profile enumeration covers all center tuples for fixed q and produces M(r,t,q); its stated profile and weight-vector counts are exact.",Main Sec. VI-A; supplement Sec. IV-A; proofs section 7,proofs/theorems.md,src/coverage.py; src/campaigns.py coverage,results/coverage/profile.csv,proved; measured exact integers,"Code guards q/r; exactness requires exhaustive profiles, not only a witness",2026-09-25 corrected-call-chain regeneration and final clean-archive recheck passed,not independently reviewed
C10,"For one guess per epoch and common radius, balanced integer residual ranks maximize the certified survival product under a fixed rank sum.",Main Proposition 1; supplement Sec. II-D; proofs section 8,proofs/theorems.md,src/campaigns.py coverage,results/coverage/log_concavity.csv; results/coverage/balanced_transfers.csv,proved; finite checked,"Only q=1, common radius, fixed epoch count and rank sum",2026-09-25 corrected-call-chain regeneration and final clean-archive recheck passed,not independently reviewed
C11,"The exact finite coverage campaign contains 1,020 entries, 105 direct equalities, 465 subspaces, 7,989 affine-code inequalities, 273 log-concavity checks, 5,460 transfers and 18,265 coset partitions, with no failed stated inequality.",Main Table III (`tab:finite`); supplement Sec. IV-B; evaluation,src/campaigns.py; src/validate_results.py,python reproduce.py --group coverage; --group validate,results/coverage/*.csv; results/summary.json,measured; byte-reproduced,Declared bounded family only; finite checks are not general proofs,2026-09-25 corrected-call-chain regeneration and final clean-archive recheck passed,not independently reviewed
C12,"Across 4,096 two-epoch models, 3,934 are exact, 162 conservative, maximum gap 1/2 and no certificate is below the oracle.",Main Table III (`tab:finite`); supplement Sec. V; evaluation,src/campaigns.py; src/oracle.py; src/validate_results.py,python reproduce.py --group noisy4; --group validate,results/protocols/two_epoch.csv; results/protocols/two_epoch_domain.json; results/summary.json,measured; byte-reproduced,"Exactly d=2; at each stage two_row_map(i)=(i&3,(i>>2)&3), i in 0..15; radii 0/1; guesses 1/2",2026-09-25 corrected-call-chain regeneration and final clean-archive recheck passed,not independently reviewed
C13,"Across 87,040 noisy-observation models, 86,842 are exact, 198 conservative, 31,428 improve full-channel and 14,976 improve min(full, flag), with no certificate below the oracle.",Abstract; Main Table III (`tab:finite`); supplement Sec. V; evaluation,src/campaigns.py; src/oracle.py; src/validate_results.py,python reproduce.py --group noisy0..noisy4; --group validate,results/protocols/noisy_adaptive_obs*.csv; results/protocols/noisy_two_row.csv; results/summary.json,measured; byte-reproduced,Fixed exhaustive synthetic family; no deployment or statistical population claim,2026-09-25 corrected-call-chain regeneration and final clean-archive recheck passed,not independently reviewed
C14,"All 5,120 observation-after-rejection models in the fixed family are certificate-exact and have no soundness violation.",Main Table III (`tab:finite`); supplement Sec. V; evaluation,src/campaigns.py; src/oracle.py; src/validate_results.py,python reproduce.py --group noisy4; --group validate,results/protocols/post_rejection.csv; results/summary.json,measured; byte-reproduced,Bounded family in campaigns.py,2026-09-25 corrected-call-chain regeneration and final clean-archive recheck passed,not independently reviewed
C15,"Named examples expose strictness from code geometry, rejected-region abstraction, signal coupling and analytical flag information.",Main Table IV (`tab:cases`); supplement Sec. V,proofs/theorems.md; cases/*.json,src/campaigns.py cases; tests/test_core.py,results/cases/named_cases.csv,finite witnesses; analytic explanations,Examples diagnose precision only; they do not quantify a deployment distribution,2026-09-25 corrected-call-chain regeneration and final clean-archive recheck passed,not independently reviewed
C16,"The running-example coset certificate equals the oracle at 17/32, while the probability-preserving full-channel baseline is 5/8; the sensitivity curve contains 17 exact points.",Introduction; Main Fig. 3; supplement Sec. V,cases/noisy-observation.json,src/campaigns.py sensitivity; src/cli.py,results/sensitivity/noise_sweep.csv,measured exact rationals,"Synthetic four-bit model, not measured device noise",2026-09-25 corrected-call-chain regeneration and final clean-archive recheck passed,not independently reviewed
C17,The closest 2025 PUF-AKE work and this certificate address nonidentical goals and neither is claimed to subsume the other.,Main Sec. VIII-A; literature/source_notes.md,literature/source_matrix.csv; cited full papers,manual source comparison,literature/source_notes.md,source-supported comparison; no priority claim,Comparison limited to published/full-text claims read; unknown unpublished work may overlap,2026-09-25 corrected-call-chain regeneration and final clean-archive recheck passed,not independently reviewed
C18,"Physical entropy, reliability, uniqueness, unclonability, model conformance and full AKE security are excluded.",Abstract; Main Sec. VIII-D; model-language.md,model-language.md; literature/source_notes.md,not applicable,not applicable,non-claim,"No device observations, private data, service access or protocol deployment",2026-09-25 corrected-call-chain regeneration and final clean-archive recheck passed,not applicable
C19,"The GF(2) canonical row basis is input-order, redundancy and idempotence invariant; for rows (3,6,12) every permutation reduces to (9,5,3), and the direct nullspace has basis (15) and span {0,15}.",Main Sec. V-B; artifact implementation guard,src/gf2.py,"tests/test_core.py GF(2) regression, rank-nullity and orthogonality tests",results/reproduction/gf2_affected_scope.json,implemented; exhaustively tested over all retained small subspaces; bounded impact rechecked,"The exhaustive algebra tests cover dimensions through four/five as stated; the 96,256-row comparison is limited to retained finite protocol families",2026-09-25 corrected-call-chain regeneration and final clean-archive recheck passed,not independently reviewed
C20,"The JSON parser requires an explicit integer min_entropy, rejects bool/float coercions and noninteger rational pairs, and preserves exact-rational results for legal inputs; CLI output exposes d, k and delta.",Main Table II (`tab:guards`) and Sec. V-B,src/model.py; src/cli.py; model-language.md,tests/test_core.py parser and CLI cases,results/reproduction/quick.json,implemented; unit tested,Syntax and declared-premise validation only; it does not establish physical entropy or model conformance,2026-09-25 corrected-call-chain regeneration and final clean-archive recheck passed,not independently reviewed
C21,"The default executable issuance is the minimum of all implemented complete sound bounds, includes the full-channel and branch baselines, reports exact/fallback status, and can emit deterministic node-shadow traces and externally supplied premises without changing issuance.",Main Sec. V-B and Sec. VIII-C,src/certificate.py; src/cli.py; README.md,"tests/test_core.py issuance, fallback, premise and trace cases; validator recomputation",results/protocols/*.csv; results/reproduction/quick.json,implemented; finite checked,All five methods are complete under the declared finite affine/independent-BSC model; trace is diagnostic and does not validate external premises,2026-09-25 corrected-call-chain regeneration and final clean-archive recheck passed,not independently reviewed
