name,scholarly_or_official_url,license_or_rights,access_date,resource_type,acquisition_method,integration_mode,supported_claim_or_constraint,internals_modified
"Herder et al., Trapdoor Computational Fuzzy Extractors and Stateless Cryptographically-Secure PUFs",https://doi.org/10.1109/TDSC.2016.2536609,CC BY source page; paper not redistributed,2026-09-15,scholarly publication,author preprint/ePrint full text,bibliographic citation and full-text comparison only,Supplies established fuzzy-extractor/PUF context; no affine retry certificate reused.,no
"Chatterjee et al., Building PUF Based Authentication and Key Exchange Protocol for IoT Without Explicit CRPs",https://doi.org/10.1109/TDSC.2018.2832201,citation-only; source license not redistributed,2026-09-15,scholarly publication,author-hosted full PDF,bibliographic citation and full-text comparison only,Later attacks are reported by Panja et al. 2025; its protocol guarantee is not inherited.,no
"Wang and Qu, A Silicon PUF Based Entropy Pump",https://doi.org/10.1109/TDSC.2018.2881695,citation-only; source license not redistributed,2026-09-15,scholarly publication,publisher/author full text,bibliographic citation and full-text comparison only,Motivates entropy accounting; no source entropy is inferred in this project.,no
"Becker, Robust Fuzzy Extractors and Helper Data Manipulation Attacks Revisited",https://doi.org/10.1109/TDSC.2017.2762675,citation-only; source license not redistributed,2026-09-15,scholarly publication,ePrint full text,bibliographic citation and full-text comparison only,Supports the helper-data boundary and the need not to treat public assistance as harmless.,no
"Schaller et al., Decay-Based DRAM PUFs in Commodity Devices",https://doi.org/10.1109/TDSC.2018.2822298,citation-only; source license not redistributed,2026-09-15,scholarly publication,author/publisher full PDF,bibliographic citation and full-text comparison only,Demonstrates evidence needed for physical claims that this project explicitly lacks.,no
"Gao et al., TREVERSE: Trial-and-Error Lightweight Secure Reverse Authentication with Simulatable PUFs",https://doi.org/10.1109/TDSC.2020.2993802,citation-only; source license not redistributed,2026-09-15,scholarly publication,arXiv full text,bibliographic citation and full-text comparison only,"Trial-and-error is application-level; our q-ball hazard is a conditional mathematical bound, not TREVERSE security.",no
"Boyapally et al., Safe is the New Smart",https://doi.org/10.1109/TDSC.2020.2992801,citation-only; source license not redistributed,2026-09-15,scholarly publication,institutional full PDF,bibliographic citation and full-text comparison only,Panja et al. 2025 report an attack on this line; no security claim is inherited.,no
"Qureshi and Munir, PUF-RAKE",https://doi.org/10.1109/TDSC.2021.3059454,citation-only; source license not redistributed,2026-09-15,scholarly publication,author full text,bibliographic citation and full-text comparison only,Provides venue-native system evidence patterns; outside the affine false-accept game.,no
"Zheng et al., PUF-Based Mutual Authentication and Key Exchange for Peer-to-Peer IoT",https://doi.org/10.1109/TDSC.2022.3193570,citation-only; source license not redistributed,2026-09-15,scholarly publication,institutional/publisher full text,bibliographic citation and full-text comparison only,Computational AKE security is neither assumed nor claimed by the certificate.,no
"Kietzmann et al., PUF for the Commons",https://doi.org/10.1109/TDSC.2023.3300368,citation-only; source license not redistributed,2026-09-15,scholarly publication,arXiv full text,bibliographic citation and full-text comparison only,Shows sustained field evidence required before treating a physical source as satisfying assumptions.,no
"Rullo et al., PUF-Based Authentication-Oriented Architecture for Identification Tags",https://doi.org/10.1109/TDSC.2024.3387568,citation-only; source license not redistributed,2026-09-15,scholarly publication,open IEEE full PDF,bibliographic citation and full-text comparison only,Recent practical architecture; does not give a rank-only sequential coverage theorem.,no
"Huang et al., A Parallel Feedback Obfuscation Strong PUF Against Machine-Learning Modeling Attacks",https://doi.org/10.1109/TDSC.2025.3632835,citation-only; source license not redistributed,2026-09-15,scholarly publication,publisher full PDF,bibliographic citation and full-text comparison only,Hardware/modeling-attack claims require experiments and are outside the abstract affine model.,no
"Suh and Devadas, Physical Unclonable Functions for Device Authentication and Secret Key Generation",https://doi.org/10.1145/1278480.1278484,citation-only; source license not redistributed,2026-09-15,scholarly publication,author full PDF,bibliographic citation and full-text comparison only,Reuses the motivation that challenge novelty does not imply statistical independence; no theorem is inherited.,no
"Dodis et al., Fuzzy Extractors: How to Generate Strong Keys from Biometrics and Other Noisy Data",https://doi.org/10.1137/060651380,citation-only; source license not redistributed,2026-09-15,scholarly publication,publisher/author full text,bibliographic citation and full-text comparison only,Established extraction framework; this work does not construct an extractor.,no
"Canetti et al., Reusable Fuzzy Extractors for Low-Entropy Distributions",https://doi.org/10.1007/978-3-662-49890-3_5,citation-only; source license not redistributed,2026-09-15,scholarly publication,author full text,bibliographic citation and full-text comparison only,Shows repeated use can be secured by constructions beyond raw-response entropy consumption.,no
"Rührmair et al., Modeling Attacks on Physical Unclonable Functions",https://doi.org/10.1145/1866307.1866335,citation-only; source license not redistributed,2026-09-15,scholarly publication,author/publisher full text,bibliographic citation and full-text comparison only,Supports exclusion of hardware unpredictability claims from an abstract affine certificate.,no
"Becker, On the Pitfalls of Using Arbiter-PUFs as Building Blocks",https://doi.org/10.1109/TCAD.2015.2427259,citation-only; source license not redistributed,2026-09-15,scholarly publication,author/publisher full text,bibliographic citation and full-text comparison only,Reinforces that component labels and composition do not automatically preserve security.,no
"Apon et al., Efficient, Reusable Fuzzy Extractors from LWE",https://doi.org/10.1007/978-3-319-62121-7_1,citation-only; source license not redistributed,2026-09-15,scholarly publication,author full text,bibliographic citation and full-text comparison only,Computational reuse differs from raw affine response certification.,no
"Alvim et al., Measuring Information Leakage Using Generalized Gain Functions",https://doi.org/10.1109/CSF.2012.26,citation-only; source license not redistributed,2026-09-15,scholarly publication,author/publisher full text,bibliographic citation and full-text comparison only,Approximate/multiple guessing is already expressible generally; our contribution is a tractable affine specialization.,no
"Balle et al., The Privacy Blanket of the Shuffle Model",https://doi.org/10.1007/978-3-030-26951-7_22,citation-only; source license not redistributed,2026-09-15,scholarly publication,author full text,bibliographic citation and full-text comparison only,Used only as context for channel-mixture reasoning; the binary decomposition itself is elementary.,no
"Panja, Jiang, and Safavi-Naini, Robust and Reusable Fuzzy Extractors for Low-Entropy Rate Sources",https://arxiv.org/abs/2405.04021,citation-only; source license not redistributed,2026-09-15,scholarly publication,arXiv full text,bibliographic citation and full-text comparison only,Closest extraction-side advance; no raw-response rank/coverage certificate.,no
"Panja, Tripathi, and Safavi-Naini, PUF-based AKE: Attacks, Entropy and Post-Quantum Security",https://doi.org/10.1145/3733801.3764199,citation-only; source license not redistributed,2026-09-15,scholarly publication,publisher full text,bibliographic citation and full-text comparison only,Neither subsumes the affine certificate: it constructs computational AKE; we bound declared finite-channel false acceptance.,no
IEEE Transactions on Dependable and Secure Computing author information,https://www.computer.org/csdl/journal/tq/write-for-us/15068?title=Author%20Information&periodical=IEEE%20Transactions%20on%20Dependable%20and%20Secure%20Computing,publisher terms,2026-09-15,official venue rule,web page / live page partially script-rendered,workflow verification only,standard page contract and external-use holds,no
IEEE Computer Society page-charge schedule,https://www.computer.org/publications/author-resources/peer-review/magazines-journals,publisher terms,2026-09-15,official venue rule,publisher PDF/page,workflow verification only,TDSC standard regular-paper page length and overlength context,no
IEEE journal template selector,https://template-selector.ieee.org/,publisher terms,2026-09-15,official template service,user-supplied matched template plus structural inspection,unmodified IEEEtran class copied into paper package,journal manuscript layout,no class modification
IEEEtran.cls from supplied TEMPLATE.zip,supplied conversation attachment,IEEE class copyright/terms retained in file,2026-09-15,publication template,user-supplied archive,copied unchanged under paper/,journal two-column layout,no
Python standard library,https://www.python.org/,Python Software Foundation License,2026-09-15,software runtime,preinstalled runtime,executed locally; no vendoring,finite exact arithmetic and campaigns,no
TeX Live / pdfTeX / BibTeX,https://tug.org/texlive/,mixed free-software licenses,2026-09-15,typesetting toolchain,preinstalled runtime,executed locally; no vendoring,paper and supplement compilation,no
PGFPlots,https://ctan.org/pkg/pgfplots,GNU GPL / LPPL components as distributed,2026-09-15,LaTeX plotting package,preinstalled TeX package,reads retained CSVs at compile time,data-derived figures,no
