id,calibration_set,citation,venue_year,url,access_mode,full_text_status,role,problem,mechanism,evidence,structure_and_visuals,narrative_pattern,project_boundary
T01,TDSC,"Herder et al., Trapdoor Computational Fuzzy Extractors and Stateless Cryptographically-Secure PUFs","IEEE TDSC 14(1), 2017",https://doi.org/10.1109/TDSC.2016.2536609,author preprint/ePrint full text,full,closest mechanism,Computational fuzzy extraction and stateless PUFs,LPN-style computational construction and game proof,"Formal security, parameter analysis, hardware experiments",10 sections; 61 references; 5 figures; 3 tables,Definitions -> construction -> proof -> parameters -> experiments,Supplies established fuzzy-extractor/PUF context; no affine retry certificate reused.
T02,TDSC,"Chatterjee et al., Building PUF Based Authentication and Key Exchange Protocol for IoT Without Explicit CRPs","IEEE TDSC 16(3), 2019",https://doi.org/10.1109/TDSC.2018.2832201,author-hosted full PDF,full,protocol comparison,Remove explicit CRP database from PUF AKE,"IBE, keyed hash, PUF protocol and computational models",Formal claims plus FPGA/IoT prototype,7 sections; 32 references; 9 figures; 1 table,Problem -> protocol -> security -> implementation,Later attacks are reported by Panja et al. 2025; its protocol guarantee is not inherited.
T03,TDSC,"Wang and Qu, A Silicon PUF Based Entropy Pump","IEEE TDSC 16(3), 2019",https://doi.org/10.1109/TDSC.2018.2881695,publisher/author full text,full,entropy context,Amplify useful entropy from silicon PUF measurements,Entropy-pump architecture and statistical reasoning,Circuit/measurement-driven evaluation,7 main sections; bibliography band 30-49; architecture plots and evaluation tables,Architecture -> analysis -> implementation -> measurements,Motivates entropy accounting; no source entropy is inferred in this project.
T04,TDSC,"Becker, Robust Fuzzy Extractors and Helper Data Manipulation Attacks Revisited","IEEE TDSC 16(5), 2019",https://doi.org/10.1109/TDSC.2017.2762675,ePrint full text,full,adversarial boundary,Robust fuzzy extraction under manipulated helper data,Attack analysis and limits of relaxed decoding,Analytic attacks with concrete parameter discussion,8 main sections; bibliography band 30-49; attack diagrams and parameter tables,Definitions -> constructions -> attacks -> implications,Supports the helper-data boundary and the need not to treat public assistance as harmless.
T05,TDSC,"Schaller et al., Decay-Based DRAM PUFs in Commodity Devices","IEEE TDSC 16(3), 2019",https://doi.org/10.1109/TDSC.2018.2822298,author/publisher full PDF,full,hardware-evidence contrast,Construct and characterize commodity-DRAM PUFs,"Decay process, enrollment and response processing",Commodity-device measurements across conditions,7 main sections; bibliography band 30-49; measurement plots dominate,Mechanism -> setup -> measurements -> reliability/security,Demonstrates evidence needed for physical claims that this project explicitly lacks.
T06,TDSC,"Gao et al., TREVERSE: Trial-and-Error Lightweight Secure Reverse Authentication with Simulatable PUFs","IEEE TDSC 19(1), 2022",https://doi.org/10.1109/TDSC.2020.2993802,arXiv full text,full,retry comparison,Server-side trial-and-error authentication for simulatable PUFs,Reliability ranking and bounded server search,"Datasets, FPGA/system evaluation, FAR/FRR analysis",9 main sections; 81 references; 17 figures; 17 tables including appendices,Problem -> protocol -> security/reliability -> implementation,"Trial-and-error is application-level; our q-ball hazard is a conditional mathematical bound, not TREVERSE security."
T07,TDSC,"Boyapally et al., Safe is the New Smart","IEEE TDSC 19(1), 2022",https://doi.org/10.1109/TDSC.2020.2992801,institutional full PDF,full,protocol comparison,PUF authentication for load-modification-resistant smart meters,Mutual-authentication protocol and hardware root,Formal protocol analysis and implementation/performance evidence,9 main sections; bibliography band 40-59; protocol diagrams and comparison tables,Threat -> protocol -> analysis -> implementation,Panja et al. 2025 report an attack on this line; no security claim is inherited.
T08,TDSC,"Qureshi and Munir, PUF-RAKE","IEEE TDSC 19(4), 2022",https://doi.org/10.1109/TDSC.2021.3059454,author full text,full,system comparison,Resource-efficient PUF authentication/key exchange,Protocol architecture and hardware/software co-design,"Security discussion, synthesis and performance evaluation",8 main sections; bibliography band 40-59; architecture figures and cost tables,Architecture -> protocol -> analysis -> implementation,Provides venue-native system evidence patterns; outside the affine false-accept game.
T09,TDSC,"Zheng et al., PUF-Based Mutual Authentication and Key Exchange for Peer-to-Peer IoT","IEEE TDSC 20(4), 2023",https://doi.org/10.1109/TDSC.2022.3193570,institutional/publisher full text,full,protocol comparison,End-to-end PUF mutual authentication and key exchange,Protocol construction and computational proof,Formal analysis plus implementation/benchmarking,8 main sections; bibliography band 40-59; message-flow figures and comparison tables,Model -> protocol -> proof -> measurements,Computational AKE security is neither assumed nor claimed by the certificate.
T10,TDSC,"Kietzmann et al., PUF for the Commons","IEEE TDSC 21(4), 2024",https://doi.org/10.1109/TDSC.2023.3300368,arXiv full text,full,deployment contrast,Expose SRAM-derived identities safely at OS level,Operating-system abstraction with empirical source characterization,Naturally aged nodes and integration study,9 sections; 84 references; 12 figures; 3 tables,Measurements -> abstraction -> implementation -> evaluation,Shows sustained field evidence required before treating a physical source as satisfying assumptions.
T11,TDSC,"Rullo et al., PUF-Based Authentication-Oriented Architecture for Identification Tags","IEEE TDSC 22(1), 2025",https://doi.org/10.1109/TDSC.2024.3387568,open IEEE full PDF,full,recent system comparison,PUF architecture for identification tags,Tag/reader architecture and authentication protocol,Circuit/system implementation and security/performance evaluation,8 main sections; bibliography band 40-59; architecture/circuit figures and comparison tables,Use case -> design -> security -> implementation,Recent practical architecture; does not give a rank-only sequential coverage theorem.
T12,TDSC,"Huang et al., A Parallel Feedback Obfuscation Strong PUF Against Machine-Learning Modeling Attacks","IEEE TDSC 23(2), 2026",https://doi.org/10.1109/TDSC.2025.3632835,publisher full PDF,full,newest venue context,Strong-PUF design resistant to modeling attacks with a lightweight protocol,Parallel feedback obfuscation and protocol design,"Hardware metrics, reliability and ML-attack evaluation","8 main sections; bibliography band 40-59; circuit diagrams, attack plots, metric tables",PUF design -> threat -> protocol -> experiments,Hardware/modeling-attack claims require experiments and are outside the abstract affine model.
I01,influential,"Suh and Devadas, Physical Unclonable Functions for Device Authentication and Secret Key Generation",DAC 2007,https://doi.org/10.1145/1278480.1278484,author full PDF,full,historical ancestor,Use PUF challenge-response behavior for authentication and keys,"Ring-oscillator PUF mechanisms, CRP use and helper information",Prototype/device evidence and protocol sketches,6-page paper; compact bibliography; mechanism and protocol figures,Mechanism -> authentication -> key generation,Reuses the motivation that challenge novelty does not imply statistical independence; no theorem is inherited.
I02,influential,"Dodis et al., Fuzzy Extractors: How to Generate Strong Keys from Biometrics and Other Noisy Data","SIAM J. Comput. 38(1), 2008",https://doi.org/10.1137/060651380,publisher/author full text,full,foundation,Reproducible uniform keys from noisy nonuniform inputs,Secure sketches and fuzzy extractors,"Definitions, constructions and information-theoretic/computational proofs",Long theory article; extensive bibliography; construction diagrams/tables limited,Definitions -> constructions -> bounds -> applications,Established extraction framework; this work does not construct an extractor.
I03,influential,"Canetti et al., Reusable Fuzzy Extractors for Low-Entropy Distributions",EUROCRYPT 2016,https://doi.org/10.1007/978-3-662-49890-3_5,author full text,full,reuse foundation,Security under repeated helper-data publication,Computational reusable fuzzy extractors,Formal constructions and reductions,Theory paper; bibliography band 30-49; proof-centric,Model -> construction -> reduction,Shows repeated use can be secured by constructions beyond raw-response entropy consumption.
I04,influential,"Rührmair et al., Modeling Attacks on Physical Unclonable Functions",CCS 2010,https://doi.org/10.1145/1866307.1866335,author/publisher full text,full,attack foundation,Learn strong PUF challenge-response behavior,Machine-learning modeling attacks,Empirical learning attacks on multiple PUF classes,Conference paper; bibliography band 20-39; accuracy/attack plots,Threat -> methods -> experiments -> implications,Supports exclusion of hardware unpredictability claims from an abstract affine certificate.
I05,influential,"Becker, On the Pitfalls of Using Arbiter-PUFs as Building Blocks","IEEE TCAD 34(8), 2015",https://doi.org/10.1109/TCAD.2015.2427259,author/publisher full text,full,attack foundation,Composition pitfalls in arbiter-PUF constructions,Structural/learning attacks,Analytic and empirical attack evidence,Journal article; bibliography band 20-39; attack/performance plots,Construction -> weakness -> attack -> guidance,Reinforces that component labels and composition do not automatically preserve security.
A01,adjacent,"Apon et al., Efficient, Reusable Fuzzy Extractors from LWE",CSCML 2017,https://doi.org/10.1007/978-3-319-62121-7_1,author full text,full,adjacent reusable extraction,Efficient repeatable extraction under computational assumptions,LWE-based weak/strong reusable fuzzy extractors,"Definitions, constructions and reductions",Theory paper; bibliography band 20-39; proof-centric,Definitions -> construction -> proof,Computational reuse differs from raw affine response certification.
A02,adjacent,"Alvim et al., Measuring Information Leakage Using Generalized Gain Functions",CSF 2012,https://doi.org/10.1109/CSF.2012.26,author/publisher full text,full,decision-theoretic foundation,Quantify leakage for arbitrary adversarial gain,g-vulnerability and gain functions,Formal definitions and compositional properties,Theory paper; bibliography band 20-39; examples/tables,Motivation -> generalized measure -> properties,Approximate/multiple guessing is already expressible generally; our contribution is a tractable affine specialization.
A03,adjacent,"Balle et al., The Privacy Blanket of the Shuffle Model",CRYPTO 2019,https://doi.org/10.1007/978-3-030-26951-7_22,author full text,full,channel-decomposition analogy,Amplification through a common input-independent channel component,Mixture/privacy-blanket decomposition,Formal bounds and experiments,Theory paper; bibliography band 30-49; bound/evaluation plots,Decomposition -> theorem -> applications,Used only as context for channel-mixture reasoning; the binary decomposition itself is elementary.
A04,adjacent,"Panja, Jiang, and Safavi-Naini, Robust and Reusable Fuzzy Extractors for Low-Entropy Rate Sources",preprint 2024,https://arxiv.org/abs/2405.04021,arXiv full text,full,recent reusable extraction,Robust reuse at low entropy rate,New fuzzy-extractor constructions and security definitions,Formal constructions and proofs,Theory manuscript; bibliography band 40-59; proof-centric,Model -> construction -> proof -> parameters,Closest extraction-side advance; no raw-response rank/coverage certificate.
A05,adjacent,"Panja, Tripathi, and Safavi-Naini, PUF-based AKE: Attacks, Entropy and Post-Quantum Security",CPSIoTSec 2025,https://doi.org/10.1145/3733801.3764199,publisher full text,full,newest close work,Repair PUF-based AKE after attacks and support post-quantum security,"Attacks, reusable robust fuzzy extraction and mAKE construction","Protocol attacks, formal reductions and APUF experiments/simulation",Conference paper; bibliography band 40-59; protocol/attack diagrams and parameter plots,Attacks -> entropy model -> construction -> proof -> experiments,Neither subsumes the affine certificate: it constructs computational AKE; we bound declared finite-channel false acceptance.
