q,rank,radius,direct,profile,equal,center_sets_visited,exact
1,0,0,1,1,1,1,1
1,1,0,1,1,1,1,1
1,1,1,2,2,1,1,1
1,2,0,1,1,1,1,1
1,2,1,3,3,1,1,1
1,2,2,4,4,1,1,1
1,3,0,1,1,1,1,1
1,3,1,4,4,1,1,1
1,3,2,7,7,1,1,1
1,3,3,8,8,1,1,1
1,4,0,1,1,1,1,1
1,4,1,5,5,1,1,1
1,4,2,11,11,1,1,1
1,4,3,15,15,1,1,1
1,4,4,16,16,1,1,1
1,5,0,1,1,1,1,1
1,5,1,6,6,1,1,1
1,5,2,16,16,1,1,1
1,5,3,26,26,1,1,1
1,5,4,31,31,1,1,1
1,5,5,32,32,1,1,1
1,6,0,1,1,1,1,1
1,6,1,7,7,1,1,1
1,6,2,22,22,1,1,1
1,6,3,42,42,1,1,1
1,6,4,57,57,1,1,1
1,6,5,63,63,1,1,1
1,6,6,64,64,1,1,1
2,0,0,1,1,1,1,1
2,1,0,2,2,1,1,1
2,1,1,2,2,1,1,1
2,2,0,2,2,1,3,1
2,2,1,4,4,1,3,1
2,2,2,4,4,1,3,1
2,3,0,2,2,1,7,1
2,3,1,8,8,1,7,1
2,3,2,8,8,1,7,1
2,3,3,8,8,1,7,1
2,4,0,2,2,1,15,1
2,4,1,10,10,1,15,1
2,4,2,16,16,1,15,1
2,4,3,16,16,1,15,1
2,4,4,16,16,1,15,1
2,5,0,2,2,1,31,1
2,5,1,12,12,1,31,1
2,5,2,32,32,1,31,1
2,5,3,32,32,1,31,1
2,5,4,32,32,1,31,1
2,5,5,32,32,1,31,1
2,6,0,2,2,1,63,1
2,6,1,14,14,1,63,1
2,6,2,44,44,1,63,1
2,6,3,64,64,1,63,1
2,6,4,64,64,1,63,1
2,6,5,64,64,1,63,1
2,6,6,64,64,1,63,1
3,0,0,1,1,1,1,1
3,1,0,2,2,1,1,1
3,1,1,2,2,1,1,1
3,2,0,3,3,1,3,1
3,2,1,4,4,1,3,1
3,2,2,4,4,1,3,1
3,3,0,3,3,1,21,1
3,3,1,8,8,1,21,1
3,3,2,8,8,1,21,1
3,3,3,8,8,1,21,1
3,4,0,3,3,1,105,1
3,4,1,13,13,1,105,1
3,4,2,16,16,1,105,1
3,4,3,16,16,1,105,1
3,4,4,16,16,1,105,1
3,5,0,3,3,1,465,1
3,5,1,18,18,1,465,1
3,5,2,32,32,1,465,1
3,5,3,32,32,1,465,1
3,5,4,32,32,1,465,1
3,5,5,32,32,1,465,1
3,6,0,3,3,1,1953,1
3,6,1,21,21,1,1953,1
3,6,2,54,54,1,1953,1
3,6,3,64,64,1,1953,1
3,6,4,64,64,1,1953,1
3,6,5,64,64,1,1953,1
3,6,6,64,64,1,1953,1
4,0,0,1,1,1,1,1
4,1,0,2,2,1,1,1
4,1,1,2,2,1,1,1
4,2,0,4,4,1,1,1
4,2,1,4,4,1,1,1
4,2,2,4,4,1,1,1
4,3,0,4,4,1,35,1
4,3,1,8,8,1,35,1
4,3,2,8,8,1,35,1
4,3,3,8,8,1,35,1
4,4,0,4,4,1,455,1
4,4,1,16,16,1,455,1
4,4,2,16,16,1,455,1
4,4,3,16,16,1,455,1
4,4,4,16,16,1,455,1
4,5,0,4,4,1,4495,1
4,5,1,24,24,1,4495,1
4,5,2,32,32,1,4495,1
4,5,3,32,32,1,4495,1
4,5,4,32,32,1,4495,1
4,5,5,32,32,1,4495,1
