radius,rank,left,right,holds
0,1,1/4,0,1
0,2,9/16,7/16,1
0,3,49/64,45/64,1
0,4,225/256,217/256,1
0,5,961/1024,945/1024,1
0,6,3969/4096,3937/4096,1
0,7,16129/16384,16065/16384,1
0,8,65025/65536,64897/65536,1
0,9,261121/262144,260865/262144,1
0,10,1046529/1048576,1046017/1048576,1
0,11,4190209/4194304,4189185/4194304,1
0,12,16769025/16777216,16766977/16777216,1
0,13,67092481/67108864,67088385/67108864,1
0,14,268402689/268435456,268394497/268435456,1
0,15,1073676289/1073741824,1073659905/1073741824,1
0,16,4294836225/4294967296,4294803457/4294967296,1
0,17,17179607041/17179869184,17179541505/17179869184,1
0,18,68718952449/68719476736,68718821377/68719476736,1
0,19,274876858369/274877906944,274876596225/274877906944,1
0,20,1099509530625/1099511627776,1099509006337/1099511627776,1
0,21,4398042316801/4398046511104,4398041268225/4398046511104,1
0,22,17592177655809/17592186044416,17592175558657/17592186044416,1
0,23,70368727400449/70368744177664,70368723206145/70368744177664,1
1,2,1/16,0,1
1,3,1/4,11/64,1
1,4,121/256,13/32,1
1,5,169/256,627/1024,1
1,6,3249/4096,195/256,1
1,7,225/256,14079/16384,1
1,8,61009/65536,3765/4096,1
1,9,63001/65536,250211/262144,1
1,10,1026169/1048576,127759/131072,1
1,11,259081/262144,4136079/4194304,1
1,12,16670889/16777216,2081301/2097152,1
1,13,16719921/16777216,66834627/67108864,1
1,14,267944161/268435456,8370183/8388608,1
1,15,4190209/4194304,1072480511/1073741824,1
1,16,4292739361/4294967296,134133769/134217728,1
1,17,4293787729/4294967296,17174167875/17179869184,1
1,18,68709515625/68719476736,8588427309/8589934592,1
1,19,17178558489/17179869184,274852479375/274877906944,1
1,20,1099467588025/1099511627776,137432268855/137438953472,1
1,21,1099488559225/1099511627776,4397934313955/4398046511104,1
1,22,17591993106961/17592186044416,1099496947745/1099511627776,1
1,23,1099505336329/1099511627776,70368253444671/70368744177664,1
2,3,1/64,0,1
2,4,25/256,1/16,1
2,5,1/4,105/512,1
2,6,441/1024,99/256,1
2,7,9801/16384,4599/8192,1
2,8,47961/65536,23067/32768,1
2,9,54289/65536,26499/32768,1
2,10,14641/16384,461573/524288,1
2,11,3924361/4194304,486057/524288,1
2,12,16136289/16777216,4011525/4194304,1
2,13,4100625/4194304,32694363/33554432,1
2,14,66243321/67108864,66110175/67108864,1
2,15,1065826609/1073741824,532282461/536870912,1
2,16,4277029201/4294967296,2137039973/2147483648,1
2,17,4284880681/4294967296,4283176707/4294967296,1
2,18,4289333049/4294967296,34306865523/34359738368,1
2,19,274677665409/274877906944,68660568945/68719476736,1
2,20,1099069173225/1099511627776,137373685155/137438953472,1
2,21,68704273225/68719476736,2198447614125/2199023255552,1
2,22,4397513850625/4398046511104,2198707380065/2199023255552,1
2,23,70364096965561/70368744177664,35181610177875/35184372088832,1
3,4,1/256,0,1
3,5,9/256,11/512,1
3,6,121/1024,3/32,1
3,7,1/4,1793/8192,1
3,8,26569/65536,191/512,1
3,9,36481/65536,8639/16384,1
3,10,2809/4096,43357/65536,1
3,11,51529/65536,201241/262144,1
3,12,14417209/16777216,886889/1048576,1
3,13,15264649/16777216,30212729/33554432,1
3,14,63313849/67108864,1965221/2097152,1
3,15,253009/262144,515923923/536870912,1
3,16,4204095921/4294967296,32754857/33554432,1
3,17,4240484161/4294967296,4233273471/4294967296,1
3,18,4262653521/4294967296,4258196529/4294967296,1
3,19,4275982881/4294967296,68372273025/68719476736,1
3,20,1096680200625/1099511627776,68516362845/68719476736,1
3,21,1097874362025/1099511627776,2195250642375/2199023255552,1
3,22,4394285025025/4398046511104,4290720525/4294967296,1
3,23,16769025/16777216,35164449133205/35184372088832,1
4,5,1/1024,0,1
4,6,49/4096,29/4096,1
4,7,841/16384,651/16384,1
4,8,8649/65536,29/256,1
4,9,1/4,29667/131072,1
4,10,101761/262144,743/2048,1
4,11,552049/1048576,526669/1048576,1
4,12,2725801/4194304,5274557/8388608,1
4,13,50395801/67108864,24621363/33554432,1
4,14,222397569/268435456,218840873/268435456,1
4,15,950303929/1073741824,939802347/1073741824,1
4,16,3971394361/4294967296,1970739283/2147483648,1
4,17,4086917041/4294967296,1016559489/1073741824,1
4,18,260209161/268435456,8298815277/8589934592,1
4,19,16851414969/17179869184,4203657945/4294967296,1
4,20,67909754025/68719476736,271257893865/274877906944,1
4,21,4366449056025/4398046511104,1090640891025/1099511627776,1
4,22,17515857188025/17592186044416,17506094256525/17592186044416,1
4,23,70185941067025/70368744177664,70161718056675/70368744177664,1
5,6,1/4096,0,1
5,7,1/256,37/16384,1
5,8,1369/65536,65/4096,1
5,9,4225/65536,7141/131072,1
5,10,37249/262144,65/512,1
5,11,1/4,242215/1048576,1
5,12,1575025/4194304,1453/4096,1
5,13,2111209/4194304,16203305/33554432,1
5,14,166693921/268435456,2526767/4194304,1
5,15,3024121/4194304,757243061/1073741824,1
5,16,3439939801/4294967296,105792065/134217728,1
5,17,3700897225/4294967296,1829383341/2147483648,1
5,18,972878481/1073741824,3860163255/4294967296,1
5,19,4026283209/4294967296,8007322329/8589934592,1
5,20,65904644961/68719476736,16412562621/17179869184,1
5,21,66903443649/68719476736,1067658637059/1099511627776,1
5,22,17296124817321/17592186044416,269781061599/274877906944,1
5,23,1087863602049/1099511627776,69543479674221/70368744177664,1
6,7,1/16384,0,1
6,8,81/65536,23/32768,1
6,9,529/65536,99/16384,1
6,10,121/4096,6463/262144,1
6,11,78961/1048576,8723/131072,1
6,12,628849/4194304,281/2048,1
6,13,1/4,1964261/8388608,1
6,14,6135529/16777216,22819/65536,1
6,15,520706761/1073741824,125442711/268435456,1
6,16,2564713449/4294967296,1246989893/2147483648,1
6,17,2986294609/4294967296,2924177463/4294967296,1
6,18,3334023081/4294967296,6564361581/8589934592,1
6,19,14429535129/17179869184,14263701489/17179869184,1
6,20,61023326841/68719476736,15127930251/17179869184,1
6,21,15860127969/17179869184,126115962399/137438953472,1
6,22,260641901961/274877906944,1038112418133/1099511627776,1
6,23,67948845985881/70368744177664,8468261934615/8796093022208,1
7,8,1/65536,0,1
7,9,25/65536,7/32768,1
7,10,49/16384,145/65536,1
7,11,841/65536,2779/262144,1
7,12,157609/4194304,17255/524288,1
7,13,354025/4194304,642743/8388608,1
7,14,2621161/16777216,595/4096,1
7,15,1/4,63469657/268435456,1
7,16,1536875209/4294967296,44923/131072,1
7,17,2018075929/4294967296,1951721355/4294967296,1
7,18,2478546225/4294967296,2415195249/4294967296,1
7,19,2890460169/4294967296,11333505465/17179869184,1
7,20,51824067201/68719476736,12760056657/17179869184,1
7,21,56329800921/68719476736,111368850237/137438953472,1
7,22,239329359369/274877906944,3707472519/4294967296,1
7,23,244015641/268435456,7945338174993/8796093022208,1
8,9,1/262144,0,1
8,10,121/1048576,67/1048576,1
8,11,4489/4194304,3289/4194304,1
8,12,89401/16777216,73231/16777216,1
8,13,1194649/67108864,1038427/67108864,1
8,14,12061729/268435456,10874257/268435456,1
8,15,98982601/1073741824,91454509/1073741824,1
8,16,693426889/4294967296,9949/65536,1
8,17,1/4,2045837103/8589934592,1
8,18,6035891481/17179869184,177261/524288,1
8,19,31421462121/68719476736,30479189283/68719476736,1
8,20,153909489969/274877906944,150248373471/274877906944,1
8,21,718444407321/1099511627776,704973514671/1099511627776,1
8,22,3229090399089/4398046511104,3181778276409/4398046511104,1
8,23,14091157084761/17592186044416,13931516772765/17592186044416,1
9,10,1/1048576,0,1
9,11,9/262144,79/4194304,1
9,12,6241/16777216,567/2097152,1
9,13,35721/16777216,116209/67108864,1
9,14,2163841/268435456,58401/8388608,1
9,15,95481/4194304,21907603/1073741824,1
9,16,221801449/4294967296,6369417/134217728,1
9,17,424895769/4294967296,795003233/8589934592,1
9,18,2849531161/17179869184,20613/131072,1
9,19,1/4,16459123873/68719476736,1
9,20,95069238889/274877906944,350323/1048576,1
9,21,122726204329/274877906944,477378725581/1099511627776,1
9,22,2397099738049/4398046511104,146488613419/274877906944,1
9,23,174851931409/274877906944,10991143018051/17592186044416,1
10,11,1/4194304,0,1
10,12,169/16777216,23/4194304,1
10,13,529/4194304,3055/33554432,1
10,14,55225/67108864,44643/67108864,1
10,15,3767481/1073741824,1617975/536870912,1
10,16,47403225/4294967296,21135549/2147483648,1
10,17,118570321/4294967296,108445635/4294967296,1
10,18,248094001/4294967296,924290987/17179869184,1
10,19,7205123689/68719476736,3401507205/34359738368,1
10,20,46636562025/274877906944,84883/524288,1
10,21,1/4,132265310985/549755813888,1
10,22,375115826089/1099511627776,2773191/8388608,1
10,23,7690588322481/17592186044416,3747327279805/8796093022208,1
11,12,1/16777216,0,1
11,13,49/16777216,53/33554432,1
11,14,2809/67108864,63/2097152,1
11,15,81/262144,133401/536870912,1
11,16,6335289/4294967296,42309/33554432,1
11,17,22099401/4294967296,19620015/4294967296,1
11,18,60762025/4294967296,55344873/4294967296,1
11,19,138603529/4294967296,1028745125/34359738368,1
11,20,17417400625/274877906944,2048089945/34359738368,1
11,21,30263821225/274877906944,57555485275/549755813888,1
11,22,190191059881/1099511627776,173965/1048576,1
11,23,1/4,2124000415387/8796093022208,1
12,13,1/67108864,0,1
12,14,225/268435456,121/268435456,1
12,15,14641/1073741824,10455/1073741824,1
12,16,485809/4294967296,194447/2147483648,1
12,17,2582449/4294967296,1099169/2147483648,1
12,18,2486929/1073741824,17595043/8589934592,1
12,19,119880601/17179869184,54398615/8589934592,1
12,20,1189905025/68719476736,2200365785/137438953472,1
12,21,40386931225/1099511627776,18934133025/549755813888,1
12,22,301285721025/4398046511104,285593974045/4398046511104,1
12,23,2019562158769/17592186044416,1931158067175/17592186044416,1
13,14,1/268435456,0,1
13,15,1/4194304,137/1073741824,1
13,16,18769/4294967296,417/134217728,1
13,17,173889/4294967296,34661/1073741824,1
13,18,64009/268435456,868611/4294967296,1
13,19,4338889/4294967296,3824095/4294967296,1
13,20,228463225/68719476736,51668815/17179869184,1
13,21,615288025/68719476736,4537296275/549755813888,1
13,22,90111034225/4398046511104,2632678675/137438953472,1
13,23,11264638225/274877906944,681477885705/17592186044416,1
14,15,1/1073741824,0,1
14,16,289/4294967296,77/2147483648,1
14,17,5929/4294967296,4199/4294967296,1
14,18,61009/4294967296,96943/8589934592,1
14,19,1585081/17179869184,1339975/17179869184,1
14,20,29430625/68719476736,6464965/17179869184,1
14,21,26368225/17179869184,190281875/137438953472,1
14,22,1230255625/274877906944,2261890475/549755813888,1
14,23,194027035225/17592186044416,45231492375/4398046511104,1
15,16,1/4294967296,0,1
15,17,81/4294967296,43/4294967296,1
15,18,1849/4294967296,1305/4294967296,1
15,19,21025/4294967296,66607/17179869184,1
15,20,2399401/68719476736,505615/17179869184,1
15,21,12159169/68719476736,21309593/137438953472,1
15,22,189255049/274877906944,2660581/4294967296,1
15,23,582169/268435456,8746879441/4398046511104,1
16,17,1/17179869184,0,1
16,18,361/68719476736,191/68719476736,1
16,19,36481/274877906944,25669/274877906944,1
16,20,1825201/1099511627776,1441477/1099511627776,1
16,21,56957209/4398046511104,47883493/4398046511104,1
16,22,1256206249/17592186044416,1098080953/17592186044416,1
16,23,21169959001/70368744177664,19002941665/70368744177664,1
17,18,1/68719476736,0,1
17,19,25/17179869184,211/274877906944,1
17,20,44521/1099511627776,3905/137438953472,1
17,21,609961/1099511627776,1921999/4398046511104,1
17,22,82973881/17592186044416,4349389/1099511627776,1
17,23,31013761/1099511627776,1731174559/70368744177664,1
18,19,1/274877906944,0,1
18,20,441/1099511627776,29/137438953472,1
18,21,841/68719476736,18837/2199023255552,1
18,22,804609/4398046511104,316187/2199023255552,1
18,23,118875409/70368744177664,49743135/35184372088832,1
19,20,1/1099511627776,0,1
19,21,121/1099511627776,127/2199023255552,1
19,22,16129/4398046511104,11/4294967296,1
19,23,1/16777216,1644777/35184372088832,1
20,21,1/4398046511104,0,1
20,22,529/17592186044416,277/17592186044416,1
20,23,76729/70368744177664,53475/70368744177664,1
