q,rank,radius,coverage,cube_size,witness_profile,profiles_for_rank,weight_vectors_for_rank
1,0,0,1,1,0,1,1
1,1,0,1,2,1,1,2
1,1,1,2,2,1,1,2
1,2,0,1,4,2,1,3
1,2,1,3,4,2,1,3
1,2,2,4,4,2,1,3
1,3,0,1,8,3,1,4
1,3,1,4,8,3,1,4
1,3,2,7,8,3,1,4
1,3,3,8,8,3,1,4
1,4,0,1,16,4,1,5
1,4,1,5,16,4,1,5
1,4,2,11,16,4,1,5
1,4,3,15,16,4,1,5
1,4,4,16,16,4,1,5
1,5,0,1,32,5,1,6
1,5,1,6,32,5,1,6
1,5,2,16,32,5,1,6
1,5,3,26,32,5,1,6
1,5,4,31,32,5,1,6
1,5,5,32,32,5,1,6
1,6,0,1,64,6,1,7
1,6,1,7,64,6,1,7
1,6,2,22,64,6,1,7
1,6,3,42,64,6,1,7
1,6,4,57,64,6,1,7
1,6,5,63,64,6,1,7
1,6,6,64,64,6,1,7
1,7,0,1,128,7,1,8
1,7,1,8,128,7,1,8
1,7,2,29,128,7,1,8
1,7,3,64,128,7,1,8
1,7,4,99,128,7,1,8
1,7,5,120,128,7,1,8
1,7,6,127,128,7,1,8
1,7,7,128,128,7,1,8
1,8,0,1,256,8,1,9
1,8,1,9,256,8,1,9
1,8,2,37,256,8,1,9
1,8,3,93,256,8,1,9
1,8,4,163,256,8,1,9
1,8,5,219,256,8,1,9
1,8,6,247,256,8,1,9
1,8,7,255,256,8,1,9
1,8,8,256,256,8,1,9
1,9,0,1,512,9,1,10
1,9,1,10,512,9,1,10
1,9,2,46,512,9,1,10
1,9,3,130,512,9,1,10
1,9,4,256,512,9,1,10
1,9,5,382,512,9,1,10
1,9,6,466,512,9,1,10
1,9,7,502,512,9,1,10
1,9,8,511,512,9,1,10
1,9,9,512,512,9,1,10
1,10,0,1,1024,10,1,11
1,10,1,11,1024,10,1,11
1,10,2,56,1024,10,1,11
1,10,3,176,1024,10,1,11
1,10,4,386,1024,10,1,11
1,10,5,638,1024,10,1,11
1,10,6,848,1024,10,1,11
1,10,7,968,1024,10,1,11
1,10,8,1013,1024,10,1,11
1,10,9,1023,1024,10,1,11
1,10,10,1024,1024,10,1,11
1,11,0,1,2048,11,1,12
1,11,1,12,2048,11,1,12
1,11,2,67,2048,11,1,12
1,11,3,232,2048,11,1,12
1,11,4,562,2048,11,1,12
1,11,5,1024,2048,11,1,12
1,11,6,1486,2048,11,1,12
1,11,7,1816,2048,11,1,12
1,11,8,1981,2048,11,1,12
1,11,9,2036,2048,11,1,12
1,11,10,2047,2048,11,1,12
1,11,11,2048,2048,11,1,12
1,12,0,1,4096,12,1,13
1,12,1,13,4096,12,1,13
1,12,2,79,4096,12,1,13
1,12,3,299,4096,12,1,13
1,12,4,794,4096,12,1,13
1,12,5,1586,4096,12,1,13
1,12,6,2510,4096,12,1,13
1,12,7,3302,4096,12,1,13
1,12,8,3797,4096,12,1,13
1,12,9,4017,4096,12,1,13
1,12,10,4083,4096,12,1,13
1,12,11,4095,4096,12,1,13
1,12,12,4096,4096,12,1,13
1,13,0,1,8192,13,1,14
1,13,1,14,8192,13,1,14
1,13,2,92,8192,13,1,14
1,13,3,378,8192,13,1,14
1,13,4,1093,8192,13,1,14
1,13,5,2380,8192,13,1,14
1,13,6,4096,8192,13,1,14
1,13,7,5812,8192,13,1,14
1,13,8,7099,8192,13,1,14
1,13,9,7814,8192,13,1,14
1,13,10,8100,8192,13,1,14
1,13,11,8178,8192,13,1,14
1,13,12,8191,8192,13,1,14
1,13,13,8192,8192,13,1,14
1,14,0,1,16384,14,1,15
1,14,1,15,16384,14,1,15
1,14,2,106,16384,14,1,15
1,14,3,470,16384,14,1,15
1,14,4,1471,16384,14,1,15
1,14,5,3473,16384,14,1,15
1,14,6,6476,16384,14,1,15
1,14,7,9908,16384,14,1,15
1,14,8,12911,16384,14,1,15
1,14,9,14913,16384,14,1,15
1,14,10,15914,16384,14,1,15
1,14,11,16278,16384,14,1,15
1,14,12,16369,16384,14,1,15
1,14,13,16383,16384,14,1,15
1,14,14,16384,16384,14,1,15
1,15,0,1,32768,15,1,16
1,15,1,16,32768,15,1,16
1,15,2,121,32768,15,1,16
1,15,3,576,32768,15,1,16
1,15,4,1941,32768,15,1,16
1,15,5,4944,32768,15,1,16
1,15,6,9949,32768,15,1,16
1,15,7,16384,32768,15,1,16
1,15,8,22819,32768,15,1,16
1,15,9,27824,32768,15,1,16
1,15,10,30827,32768,15,1,16
1,15,11,32192,32768,15,1,16
1,15,12,32647,32768,15,1,16
1,15,13,32752,32768,15,1,16
1,15,14,32767,32768,15,1,16
1,15,15,32768,32768,15,1,16
1,16,0,1,65536,16,1,17
1,16,1,17,65536,16,1,17
1,16,2,137,65536,16,1,17
1,16,3,697,65536,16,1,17
1,16,4,2517,65536,16,1,17
1,16,5,6885,65536,16,1,17
1,16,6,14893,65536,16,1,17
1,16,7,26333,65536,16,1,17
1,16,8,39203,65536,16,1,17
1,16,9,50643,65536,16,1,17
1,16,10,58651,65536,16,1,17
1,16,11,63019,65536,16,1,17
1,16,12,64839,65536,16,1,17
1,16,13,65399,65536,16,1,17
1,16,14,65519,65536,16,1,17
1,16,15,65535,65536,16,1,17
1,16,16,65536,65536,16,1,17
1,17,0,1,131072,17,1,18
1,17,1,18,131072,17,1,18
1,17,2,154,131072,17,1,18
1,17,3,834,131072,17,1,18
1,17,4,3214,131072,17,1,18
1,17,5,9402,131072,17,1,18
1,17,6,21778,131072,17,1,18
1,17,7,41226,131072,17,1,18
1,17,8,65536,131072,17,1,18
1,17,9,89846,131072,17,1,18
1,17,10,109294,131072,17,1,18
1,17,11,121670,131072,17,1,18
1,17,12,127858,131072,17,1,18
1,17,13,130238,131072,17,1,18
1,17,14,130918,131072,17,1,18
1,17,15,131054,131072,17,1,18
1,17,16,131071,131072,17,1,18
1,17,17,131072,131072,17,1,18
1,18,0,1,262144,18,1,19
1,18,1,19,262144,18,1,19
1,18,2,172,262144,18,1,19
1,18,3,988,262144,18,1,19
1,18,4,4048,262144,18,1,19
1,18,5,12616,262144,18,1,19
1,18,6,31180,262144,18,1,19
1,18,7,63004,262144,18,1,19
1,18,8,106762,262144,18,1,19
1,18,9,155382,262144,18,1,19
1,18,10,199140,262144,18,1,19
1,18,11,230964,262144,18,1,19
1,18,12,249528,262144,18,1,19
1,18,13,258096,262144,18,1,19
1,18,14,261156,262144,18,1,19
1,18,15,261972,262144,18,1,19
1,18,16,262125,262144,18,1,19
1,18,17,262143,262144,18,1,19
1,18,18,262144,262144,18,1,19
1,19,0,1,524288,19,1,20
1,19,1,20,524288,19,1,20
1,19,2,191,524288,19,1,20
1,19,3,1160,524288,19,1,20
1,19,4,5036,524288,19,1,20
1,19,5,16664,524288,19,1,20
1,19,6,43796,524288,19,1,20
1,19,7,94184,524288,19,1,20
1,19,8,169766,524288,19,1,20
1,19,9,262144,524288,19,1,20
1,19,10,354522,524288,19,1,20
1,19,11,430104,524288,19,1,20
1,19,12,480492,524288,19,1,20
1,19,13,507624,524288,19,1,20
1,19,14,519252,524288,19,1,20
1,19,15,523128,524288,19,1,20
1,19,16,524097,524288,19,1,20
1,19,17,524268,524288,19,1,20
1,19,18,524287,524288,19,1,20
1,19,19,524288,524288,19,1,20
1,20,0,1,1048576,20,1,21
1,20,1,21,1048576,20,1,21
1,20,2,211,1048576,20,1,21
1,20,3,1351,1048576,20,1,21
1,20,4,6196,1048576,20,1,21
1,20,5,21700,1048576,20,1,21
1,20,6,60460,1048576,20,1,21
1,20,7,137980,1048576,20,1,21
1,20,8,263950,1048576,20,1,21
1,20,9,431910,1048576,20,1,21
1,20,10,616666,1048576,20,1,21
1,20,11,784626,1048576,20,1,21
1,20,12,910596,1048576,20,1,21
1,20,13,988116,1048576,20,1,21
1,20,14,1026876,1048576,20,1,21
1,20,15,1042380,1048576,20,1,21
1,20,16,1047225,1048576,20,1,21
1,20,17,1048365,1048576,20,1,21
1,20,18,1048555,1048576,20,1,21
1,20,19,1048575,1048576,20,1,21
1,20,20,1048576,1048576,20,1,21
1,21,0,1,2097152,21,1,22
1,21,1,22,2097152,21,1,22
1,21,2,232,2097152,21,1,22
1,21,3,1562,2097152,21,1,22
1,21,4,7547,2097152,21,1,22
1,21,5,27896,2097152,21,1,22
1,21,6,82160,2097152,21,1,22
1,21,7,198440,2097152,21,1,22
1,21,8,401930,2097152,21,1,22
1,21,9,695860,2097152,21,1,22
1,21,10,1048576,2097152,21,1,22
1,21,11,1401292,2097152,21,1,22
1,21,12,1695222,2097152,21,1,22
1,21,13,1898712,2097152,21,1,22
1,21,14,2014992,2097152,21,1,22
1,21,15,2069256,2097152,21,1,22
1,21,16,2089605,2097152,21,1,22
1,21,17,2095590,2097152,21,1,22
1,21,18,2096920,2097152,21,1,22
1,21,19,2097130,2097152,21,1,22
1,21,20,2097151,2097152,21,1,22
1,21,21,2097152,2097152,21,1,22
1,22,0,1,4194304,22,1,23
1,22,1,23,4194304,22,1,23
1,22,2,254,4194304,22,1,23
1,22,3,1794,4194304,22,1,23
1,22,4,9109,4194304,22,1,23
1,22,5,35443,4194304,22,1,23
1,22,6,110056,4194304,22,1,23
1,22,7,280600,4194304,22,1,23
1,22,8,600370,4194304,22,1,23
1,22,9,1097790,4194304,22,1,23
1,22,10,1744436,4194304,22,1,23
1,22,11,2449868,4194304,22,1,23
1,22,12,3096514,4194304,22,1,23
1,22,13,3593934,4194304,22,1,23
1,22,14,3913704,4194304,22,1,23
1,22,15,4084248,4194304,22,1,23
1,22,16,4158861,4194304,22,1,23
1,22,17,4185195,4194304,22,1,23
1,22,18,4192510,4194304,22,1,23
1,22,19,4194050,4194304,22,1,23
1,22,20,4194281,4194304,22,1,23
1,22,21,4194303,4194304,22,1,23
1,22,22,4194304,4194304,22,1,23
1,23,0,1,8388608,23,1,24
1,23,1,24,8388608,23,1,24
1,23,2,277,8388608,23,1,24
1,23,3,2048,8388608,23,1,24
1,23,4,10903,8388608,23,1,24
1,23,5,44552,8388608,23,1,24
1,23,6,145499,8388608,23,1,24
1,23,7,390656,8388608,23,1,24
1,23,8,880970,8388608,23,1,24
1,23,9,1698160,8388608,23,1,24
1,23,10,2842226,8388608,23,1,24
1,23,11,4194304,8388608,23,1,24
1,23,12,5546382,8388608,23,1,24
1,23,13,6690448,8388608,23,1,24
1,23,14,7507638,8388608,23,1,24
1,23,15,7997952,8388608,23,1,24
1,23,16,8243109,8388608,23,1,24
1,23,17,8344056,8388608,23,1,24
1,23,18,8377705,8388608,23,1,24
1,23,19,8386560,8388608,23,1,24
1,23,20,8388331,8388608,23,1,24
1,23,21,8388584,8388608,23,1,24
1,23,22,8388607,8388608,23,1,24
1,23,23,8388608,8388608,23,1,24
1,24,0,1,16777216,24,1,25
1,24,1,25,16777216,24,1,25
1,24,2,301,16777216,24,1,25
1,24,3,2325,16777216,24,1,25
1,24,4,12951,16777216,24,1,25
1,24,5,55455,16777216,24,1,25
1,24,6,190051,16777216,24,1,25
1,24,7,536155,16777216,24,1,25
1,24,8,1271626,16777216,24,1,25
1,24,9,2579130,16777216,24,1,25
1,24,10,4540386,16777216,24,1,25
1,24,11,7036530,16777216,24,1,25
1,24,12,9740686,16777216,24,1,25
1,24,13,12236830,16777216,24,1,25
1,24,14,14198086,16777216,24,1,25
1,24,15,15505590,16777216,24,1,25
1,24,16,16241061,16777216,24,1,25
1,24,17,16587165,16777216,24,1,25
1,24,18,16721761,16777216,24,1,25
1,24,19,16764265,16777216,24,1,25
1,24,20,16774891,16777216,24,1,25
1,24,21,16776915,16777216,24,1,25
1,24,22,16777191,16777216,24,1,25
1,24,23,16777215,16777216,24,1,25
1,24,24,16777216,16777216,24,1,25
2,0,0,1,1,0;0,1,1
2,1,0,2,2,0;1,2,4
2,1,1,2,2,0;1,2,4
2,2,0,2,4,0;2,3,10
2,2,1,4,4,0;2,3,10
2,2,2,4,4,0;2,3,10
2,3,0,2,8,0;3,4,20
2,3,1,8,8,0;3,4,20
2,3,2,8,8,0;3,4,20
2,3,3,8,8,0;3,4,20
2,4,0,2,16,0;4,5,35
2,4,1,10,16,0;4,5,35
2,4,2,16,16,0;4,5,35
2,4,3,16,16,0;4,5,35
2,4,4,16,16,0;4,5,35
2,5,0,2,32,0;5,6,56
2,5,1,12,32,0;5,6,56
2,5,2,32,32,0;5,6,56
2,5,3,32,32,0;5,6,56
2,5,4,32,32,0;5,6,56
2,5,5,32,32,0;5,6,56
2,6,0,2,64,0;6,7,84
2,6,1,14,64,0;6,7,84
2,6,2,44,64,0;6,7,84
2,6,3,64,64,0;6,7,84
2,6,4,64,64,0;6,7,84
2,6,5,64,64,0;6,7,84
2,6,6,64,64,0;6,7,84
2,7,0,2,128,0;7,8,120
2,7,1,16,128,0;7,8,120
2,7,2,58,128,0;7,8,120
2,7,3,128,128,0;7,8,120
2,7,4,128,128,0;7,8,120
2,7,5,128,128,0;7,8,120
2,7,6,128,128,0;7,8,120
2,7,7,128,128,0;7,8,120
2,8,0,2,256,0;8,9,165
2,8,1,18,256,0;8,9,165
2,8,2,74,256,0;8,9,165
2,8,3,186,256,0;8,9,165
2,8,4,256,256,0;8,9,165
2,8,5,256,256,0;8,9,165
2,8,6,256,256,0;8,9,165
2,8,7,256,256,0;8,9,165
2,8,8,256,256,0;8,9,165
2,9,0,2,512,0;9,10,220
2,9,1,20,512,0;9,10,220
2,9,2,92,512,0;9,10,220
2,9,3,260,512,0;9,10,220
2,9,4,512,512,0;9,10,220
2,9,5,512,512,0;9,10,220
2,9,6,512,512,0;9,10,220
2,9,7,512,512,0;9,10,220
2,9,8,512,512,0;9,10,220
2,9,9,512,512,0;9,10,220
2,10,0,2,1024,0;10,11,286
2,10,1,22,1024,0;10,11,286
2,10,2,112,1024,0;10,11,286
2,10,3,352,1024,0;10,11,286
2,10,4,772,1024,0;10,11,286
2,10,5,1024,1024,0;10,11,286
2,10,6,1024,1024,0;10,11,286
2,10,7,1024,1024,0;10,11,286
2,10,8,1024,1024,0;10,11,286
2,10,9,1024,1024,0;10,11,286
2,10,10,1024,1024,0;10,11,286
2,11,0,2,2048,0;11,12,364
2,11,1,24,2048,0;11,12,364
2,11,2,134,2048,0;11,12,364
2,11,3,464,2048,0;11,12,364
2,11,4,1124,2048,0;11,12,364
2,11,5,2048,2048,0;11,12,364
2,11,6,2048,2048,0;11,12,364
2,11,7,2048,2048,0;11,12,364
2,11,8,2048,2048,0;11,12,364
2,11,9,2048,2048,0;11,12,364
2,11,10,2048,2048,0;11,12,364
2,11,11,2048,2048,0;11,12,364
2,12,0,2,4096,0;12,13,455
2,12,1,26,4096,0;12,13,455
2,12,2,158,4096,0;12,13,455
2,12,3,598,4096,0;12,13,455
2,12,4,1588,4096,0;12,13,455
2,12,5,3172,4096,0;12,13,455
2,12,6,4096,4096,0;12,13,455
2,12,7,4096,4096,0;12,13,455
2,12,8,4096,4096,0;12,13,455
2,12,9,4096,4096,0;12,13,455
2,12,10,4096,4096,0;12,13,455
2,12,11,4096,4096,0;12,13,455
2,12,12,4096,4096,0;12,13,455
2,13,0,2,8192,0;13,14,560
2,13,1,28,8192,0;13,14,560
2,13,2,184,8192,0;13,14,560
2,13,3,756,8192,0;13,14,560
2,13,4,2186,8192,0;13,14,560
2,13,5,4760,8192,0;13,14,560
2,13,6,8192,8192,0;13,14,560
2,13,7,8192,8192,0;13,14,560
2,13,8,8192,8192,0;13,14,560
2,13,9,8192,8192,0;13,14,560
2,13,10,8192,8192,0;13,14,560
2,13,11,8192,8192,0;13,14,560
2,13,12,8192,8192,0;13,14,560
2,13,13,8192,8192,0;13,14,560
2,14,0,2,16384,0;14,15,680
2,14,1,30,16384,0;14,15,680
2,14,2,212,16384,0;14,15,680
2,14,3,940,16384,0;14,15,680
2,14,4,2942,16384,0;14,15,680
2,14,5,6946,16384,0;14,15,680
2,14,6,12952,16384,0;14,15,680
2,14,7,16384,16384,0;14,15,680
2,14,8,16384,16384,0;14,15,680
2,14,9,16384,16384,0;14,15,680
2,14,10,16384,16384,0;14,15,680
2,14,11,16384,16384,0;14,15,680
2,14,12,16384,16384,0;14,15,680
2,14,13,16384,16384,0;14,15,680
2,14,14,16384,16384,0;14,15,680
2,15,0,2,32768,0;15,16,816
2,15,1,32,32768,0;15,16,816
2,15,2,242,32768,0;15,16,816
2,15,3,1152,32768,0;15,16,816
2,15,4,3882,32768,0;15,16,816
2,15,5,9888,32768,0;15,16,816
2,15,6,19898,32768,0;15,16,816
2,15,7,32768,32768,0;15,16,816
2,15,8,32768,32768,0;15,16,816
2,15,9,32768,32768,0;15,16,816
2,15,10,32768,32768,0;15,16,816
2,15,11,32768,32768,0;15,16,816
2,15,12,32768,32768,0;15,16,816
2,15,13,32768,32768,0;15,16,816
2,15,14,32768,32768,0;15,16,816
2,15,15,32768,32768,0;15,16,816
2,16,0,2,65536,0;16,17,969
2,16,1,34,65536,0;16,17,969
2,16,2,274,65536,0;16,17,969
2,16,3,1394,65536,0;16,17,969
2,16,4,5034,65536,0;16,17,969
2,16,5,13770,65536,0;16,17,969
2,16,6,29786,65536,0;16,17,969
2,16,7,52666,65536,0;16,17,969
2,16,8,65536,65536,0;16,17,969
2,16,9,65536,65536,0;16,17,969
2,16,10,65536,65536,0;16,17,969
2,16,11,65536,65536,0;16,17,969
2,16,12,65536,65536,0;16,17,969
2,16,13,65536,65536,0;16,17,969
2,16,14,65536,65536,0;16,17,969
2,16,15,65536,65536,0;16,17,969
2,16,16,65536,65536,0;16,17,969
2,17,0,2,131072,0;17,18,1140
2,17,1,36,131072,0;17,18,1140
2,17,2,308,131072,0;17,18,1140
2,17,3,1668,131072,0;17,18,1140
2,17,4,6428,131072,0;17,18,1140
2,17,5,18804,131072,0;17,18,1140
2,17,6,43556,131072,0;17,18,1140
2,17,7,82452,131072,0;17,18,1140
2,17,8,131072,131072,0;17,18,1140
2,17,9,131072,131072,0;17,18,1140
2,17,10,131072,131072,0;17,18,1140
2,17,11,131072,131072,0;17,18,1140
2,17,12,131072,131072,0;17,18,1140
2,17,13,131072,131072,0;17,18,1140
2,17,14,131072,131072,0;17,18,1140
2,17,15,131072,131072,0;17,18,1140
2,17,16,131072,131072,0;17,18,1140
2,17,17,131072,131072,0;17,18,1140
2,18,0,2,262144,0;18,19,1330
2,18,1,38,262144,0;18,19,1330
2,18,2,344,262144,0;18,19,1330
2,18,3,1976,262144,0;18,19,1330
2,18,4,8096,262144,0;18,19,1330
2,18,5,25232,262144,0;18,19,1330
2,18,6,62360,262144,0;18,19,1330
2,18,7,126008,262144,0;18,19,1330
2,18,8,213524,262144,0;18,19,1330
2,18,9,262144,262144,0;18,19,1330
2,18,10,262144,262144,0;18,19,1330
2,18,11,262144,262144,0;18,19,1330
2,18,12,262144,262144,0;18,19,1330
2,18,13,262144,262144,0;18,19,1330
2,18,14,262144,262144,0;18,19,1330
2,18,15,262144,262144,0;18,19,1330
2,18,16,262144,262144,0;18,19,1330
2,18,17,262144,262144,0;18,19,1330
2,18,18,262144,262144,0;18,19,1330
2,19,0,2,524288,0;19,20,1540
2,19,1,40,524288,0;19,20,1540
2,19,2,382,524288,0;19,20,1540
2,19,3,2320,524288,0;19,20,1540
2,19,4,10072,524288,0;19,20,1540
2,19,5,33328,524288,0;19,20,1540
2,19,6,87592,524288,0;19,20,1540
2,19,7,188368,524288,0;19,20,1540
2,19,8,339532,524288,0;19,20,1540
2,19,9,524288,524288,0;19,20,1540
2,19,10,524288,524288,0;19,20,1540
2,19,11,524288,524288,0;19,20,1540
2,19,12,524288,524288,0;19,20,1540
2,19,13,524288,524288,0;19,20,1540
2,19,14,524288,524288,0;19,20,1540
2,19,15,524288,524288,0;19,20,1540
2,19,16,524288,524288,0;19,20,1540
2,19,17,524288,524288,0;19,20,1540
2,19,18,524288,524288,0;19,20,1540
2,19,19,524288,524288,0;19,20,1540
2,20,0,2,1048576,0;20,21,1771
2,20,1,42,1048576,0;20,21,1771
2,20,2,422,1048576,0;20,21,1771
2,20,3,2702,1048576,0;20,21,1771
2,20,4,12392,1048576,0;20,21,1771
2,20,5,43400,1048576,0;20,21,1771
2,20,6,120920,1048576,0;20,21,1771
2,20,7,275960,1048576,0;20,21,1771
2,20,8,527900,1048576,0;20,21,1771
2,20,9,863820,1048576,0;20,21,1771
2,20,10,1048576,1048576,0;20,21,1771
2,20,11,1048576,1048576,0;20,21,1771
2,20,12,1048576,1048576,0;20,21,1771
2,20,13,1048576,1048576,0;20,21,1771
2,20,14,1048576,1048576,0;20,21,1771
2,20,15,1048576,1048576,0;20,21,1771
2,20,16,1048576,1048576,0;20,21,1771
2,20,17,1048576,1048576,0;20,21,1771
2,20,18,1048576,1048576,0;20,21,1771
2,20,19,1048576,1048576,0;20,21,1771
2,20,20,1048576,1048576,0;20,21,1771
2,21,0,2,2097152,0;21,22,2024
2,21,1,44,2097152,0;21,22,2024
2,21,2,464,2097152,0;21,22,2024
2,21,3,3124,2097152,0;21,22,2024
2,21,4,15094,2097152,0;21,22,2024
2,21,5,55792,2097152,0;21,22,2024
2,21,6,164320,2097152,0;21,22,2024
2,21,7,396880,2097152,0;21,22,2024
2,21,8,803860,2097152,0;21,22,2024
2,21,9,1391720,2097152,0;21,22,2024
2,21,10,2097152,2097152,0;21,22,2024
2,21,11,2097152,2097152,0;21,22,2024
2,21,12,2097152,2097152,0;21,22,2024
2,21,13,2097152,2097152,0;21,22,2024
2,21,14,2097152,2097152,0;21,22,2024
2,21,15,2097152,2097152,0;21,22,2024
2,21,16,2097152,2097152,0;21,22,2024
2,21,17,2097152,2097152,0;21,22,2024
2,21,18,2097152,2097152,0;21,22,2024
2,21,19,2097152,2097152,0;21,22,2024
2,21,20,2097152,2097152,0;21,22,2024
2,21,21,2097152,2097152,0;21,22,2024
2,22,0,2,4194304,0;22,23,2300
2,22,1,46,4194304,0;22,23,2300
2,22,2,508,4194304,0;22,23,2300
2,22,3,3588,4194304,0;22,23,2300
2,22,4,18218,4194304,0;22,23,2300
2,22,5,70886,4194304,0;22,23,2300
2,22,6,220112,4194304,0;22,23,2300
2,22,7,561200,4194304,0;22,23,2300
2,22,8,1200740,4194304,0;22,23,2300
2,22,9,2195580,4194304,0;22,23,2300
2,22,10,3488872,4194304,0;22,23,2300
2,22,11,4194304,4194304,0;22,23,2300
2,22,12,4194304,4194304,0;22,23,2300
2,22,13,4194304,4194304,0;22,23,2300
2,22,14,4194304,4194304,0;22,23,2300
2,22,15,4194304,4194304,0;22,23,2300
2,22,16,4194304,4194304,0;22,23,2300
2,22,17,4194304,4194304,0;22,23,2300
2,22,18,4194304,4194304,0;22,23,2300
2,22,19,4194304,4194304,0;22,23,2300
2,22,20,4194304,4194304,0;22,23,2300
2,22,21,4194304,4194304,0;22,23,2300
2,22,22,4194304,4194304,0;22,23,2300
2,23,0,2,8388608,0;23,24,2600
2,23,1,48,8388608,0;23,24,2600
2,23,2,554,8388608,0;23,24,2600
2,23,3,4096,8388608,0;23,24,2600
2,23,4,21806,8388608,0;23,24,2600
2,23,5,89104,8388608,0;23,24,2600
2,23,6,290998,8388608,0;23,24,2600
2,23,7,781312,8388608,0;23,24,2600
2,23,8,1761940,8388608,0;23,24,2600
2,23,9,3396320,8388608,0;23,24,2600
2,23,10,5684452,8388608,0;23,24,2600
2,23,11,8388608,8388608,0;23,24,2600
2,23,12,8388608,8388608,0;23,24,2600
2,23,13,8388608,8388608,0;23,24,2600
2,23,14,8388608,8388608,0;23,24,2600
2,23,15,8388608,8388608,0;23,24,2600
2,23,16,8388608,8388608,0;23,24,2600
2,23,17,8388608,8388608,0;23,24,2600
2,23,18,8388608,8388608,0;23,24,2600
2,23,19,8388608,8388608,0;23,24,2600
2,23,20,8388608,8388608,0;23,24,2600
2,23,21,8388608,8388608,0;23,24,2600
2,23,22,8388608,8388608,0;23,24,2600
2,23,23,8388608,8388608,0;23,24,2600
2,24,0,2,16777216,0;24,25,2925
2,24,1,50,16777216,0;24,25,2925
2,24,2,602,16777216,0;24,25,2925
2,24,3,4650,16777216,0;24,25,2925
2,24,4,25902,16777216,0;24,25,2925
2,24,5,110910,16777216,0;24,25,2925
2,24,6,380102,16777216,0;24,25,2925
2,24,7,1072310,16777216,0;24,25,2925
2,24,8,2543252,16777216,0;24,25,2925
2,24,9,5158260,16777216,0;24,25,2925
2,24,10,9080772,16777216,0;24,25,2925
2,24,11,14073060,16777216,0;24,25,2925
2,24,12,16777216,16777216,0;24,25,2925
2,24,13,16777216,16777216,0;24,25,2925
2,24,14,16777216,16777216,0;24,25,2925
2,24,15,16777216,16777216,0;24,25,2925
2,24,16,16777216,16777216,0;24,25,2925
2,24,17,16777216,16777216,0;24,25,2925
2,24,18,16777216,16777216,0;24,25,2925
2,24,19,16777216,16777216,0;24,25,2925
2,24,20,16777216,16777216,0;24,25,2925
2,24,21,16777216,16777216,0;24,25,2925
2,24,22,16777216,16777216,0;24,25,2925
2,24,23,16777216,16777216,0;24,25,2925
2,24,24,16777216,16777216,0;24,25,2925
3,0,0,1,1,0;0;0;0,1,1
3,1,0,2,2,0;0;0;1,4,8
3,1,1,2,2,0;0;0;1,4,8
3,2,0,3,4,0;0;1;1,10,36
3,2,1,4,4,0;0;0;2,10,36
3,2,2,4,4,0;0;0;2,10,36
3,3,0,3,8,0;0;1;2,20,120
3,3,1,8,8,0;0;0;3,20,120
3,3,2,8,8,0;0;0;3,20,120
3,3,3,8,8,0;0;0;3,20,120
3,4,0,3,16,0;0;1;3,35,330
3,4,1,13,16,0;0;1;3,35,330
3,4,2,16,16,0;0;0;4,35,330
3,4,3,16,16,0;0;0;4,35,330
3,4,4,16,16,0;0;0;4,35,330
3,5,0,3,32,0;0;1;4,56,792
3,5,1,18,32,0;1;2;2,56,792
3,5,2,32,32,0;0;0;5,56,792
3,5,3,32,32,0;0;0;5,56,792
3,5,4,32,32,0;0;0;5,56,792
3,5,5,32,32,0;0;0;5,56,792
3,6,0,3,64,0;0;1;5,84,1716
3,6,1,21,64,0;0;3;3,84,1716
3,6,2,54,64,0;0;1;5,84,1716
3,6,3,64,64,0;0;0;6,84,1716
3,6,4,64,64,0;0;0;6,84,1716
3,6,5,64,64,0;0;0;6,84,1716
3,6,6,64,64,0;0;0;6,84,1716
3,7,0,3,128,0;0;1;6,120,3432
3,7,1,24,128,0;0;3;4,120,3432
3,7,2,81,128,0;1;2;4,120,3432
3,7,3,128,128,0;0;0;7,120,3432
3,7,4,128,128,0;0;0;7,120,3432
3,7,5,128,128,0;0;0;7,120,3432
3,7,6,128,128,0;0;0;7,120,3432
3,7,7,128,128,0;0;0;7,120,3432
3,8,0,3,256,0;0;1;7,165,6435
3,8,1,27,256,0;0;3;5,165,6435
3,8,2,111,256,0;2;3;3,165,6435
3,8,3,221,256,0;0;1;7,165,6435
3,8,4,256,256,0;0;0;8,165,6435
3,8,5,256,256,0;0;0;8,165,6435
3,8,6,256,256,0;0;0;8,165,6435
3,8,7,256,256,0;0;0;8,165,6435
3,8,8,256,256,0;0;0;8,165,6435
3,9,0,3,512,0;0;1;8,220,11440
3,9,1,30,512,0;0;3;6,220,11440
3,9,2,138,512,0;1;4;4,220,11440
3,9,3,350,512,0;1;4;4,220,11440
3,9,4,512,512,0;0;0;9,220,11440
3,9,5,512,512,0;0;0;9,220,11440
3,9,6,512,512,0;0;0;9,220,11440
3,9,7,512,512,0;0;0;9,220,11440
3,9,8,512,512,0;0;0;9,220,11440
3,9,9,512,512,0;0;0;9,220,11440
3,10,0,3,1024,0;0;1;9,286,19448
3,10,1,33,1024,0;0;3;7,286,19448
3,10,2,168,1024,0;0;5;5,286,19448
3,10,3,508,1024,0;2;3;5,286,19448
3,10,4,898,1024,0;0;1;9,286,19448
3,10,5,1024,1024,0;0;0;10,286,19448
3,10,6,1024,1024,0;0;0;10,286,19448
3,10,7,1024,1024,0;0;0;10,286,19448
3,10,8,1024,1024,0;0;0;10,286,19448
3,10,9,1024,1024,0;0;0;10,286,19448
3,10,10,1024,1024,0;0;0;10,286,19448
3,11,0,3,2048,0;0;1;10,364,31824
3,11,1,36,2048,0;0;3;8,364,31824
3,11,2,201,2048,0;0;5;6,364,31824
3,11,3,696,2048,0;3;4;4,364,31824
3,11,4,1477,2048,0;3;4;4,364,31824
3,11,5,2048,2048,0;0;0;11,364,31824
3,11,6,2048,2048,0;0;0;11,364,31824
3,11,7,2048,2048,0;0;0;11,364,31824
3,11,8,2048,2048,0;0;0;11,364,31824
3,11,9,2048,2048,0;0;0;11,364,31824
3,11,10,2048,2048,0;0;0;11,364,31824
3,11,11,2048,2048,0;0;0;11,364,31824
3,12,0,3,4096,0;0;1;11,455,50388
3,12,1,39,4096,0;0;3;9,455,50388
3,12,2,237,4096,0;0;5;7,455,50388
3,12,3,897,4096,0;2;5;5,455,50388
3,12,4,2242,4096,0;2;5;5,455,50388
3,12,5,3634,4096,0;0;1;11,455,50388
3,12,6,4096,4096,0;0;0;12,455,50388
3,12,7,4096,4096,0;0;0;12,455,50388
3,12,8,4096,4096,0;0;0;12,455,50388
3,12,9,4096,4096,0;0;0;12,455,50388
3,12,10,4096,4096,0;0;0;12,455,50388
3,12,11,4096,4096,0;0;0;12,455,50388
3,12,12,4096,4096,0;0;0;12,455,50388
3,13,0,3,8192,0;0;1;12,560,77520
3,13,1,42,8192,0;0;3;10,560,77520
3,13,2,276,8192,0;0;5;8,560,77520
3,13,3,1134,8192,0;1;6;6,560,77520
3,13,4,3209,8192,0;3;4;6,560,77520
3,13,5,6110,8192,0;3;4;6,560,77520
3,13,6,8192,8192,0;0;0;13,560,77520
3,13,7,8192,8192,0;0;0;13,560,77520
3,13,8,8192,8192,0;0;0;13,560,77520
3,13,9,8192,8192,0;0;0;13,560,77520
3,13,10,8192,8192,0;0;0;13,560,77520
3,13,11,8192,8192,0;0;0;13,560,77520
3,13,12,8192,8192,0;0;0;13,560,77520
3,13,13,8192,8192,0;0;0;13,560,77520
3,14,0,3,16384,0;0;1;13,680,116280
3,14,1,45,16384,0;0;3;11,680,116280
3,14,2,318,16384,0;0;5;9,680,116280
3,14,3,1410,16384,0;0;7;7,680,116280
3,14,4,4413,16384,0;4;5;5,680,116280
3,14,5,9664,16384,0;4;5;5,680,116280
3,14,6,14668,16384,0;0;1;13,680,116280
3,14,7,16384,16384,0;0;0;14,680,116280
3,14,8,16384,16384,0;0;0;14,680,116280
3,14,9,16384,16384,0;0;0;14,680,116280
3,14,10,16384,16384,0;0;0;14,680,116280
3,14,11,16384,16384,0;0;0;14,680,116280
3,14,12,16384,16384,0;0;0;14,680,116280
3,14,13,16384,16384,0;0;0;14,680,116280
3,14,14,16384,16384,0;0;0;14,680,116280
3,15,0,3,32768,0;0;1;14,816,170544
3,15,1,48,32768,0;0;3;12,816,170544
3,15,2,363,32768,0;0;5;10,816,170544
3,15,3,1728,32768,0;0;7;8,816,170544
3,15,4,5823,32768,0;3;6;6,816,170544
3,15,5,14328,32768,0;3;6;6,816,170544
3,15,6,25096,32768,0;3;6;6,816,170544
3,15,7,32768,32768,0;0;0;15,816,170544
3,15,8,32768,32768,0;0;0;15,816,170544
3,15,9,32768,32768,0;0;0;15,816,170544
3,15,10,32768,32768,0;0;0;15,816,170544
3,15,11,32768,32768,0;0;0;15,816,170544
3,15,12,32768,32768,0;0;0;15,816,170544
3,15,13,32768,32768,0;0;0;15,816,170544
3,15,14,32768,32768,0;0;0;15,816,170544
3,15,15,32768,32768,0;0;0;15,816,170544
3,16,0,3,65536,0;0;1;15,969,245157
3,16,1,51,65536,0;0;3;13,969,245157
3,16,2,411,65536,0;0;5;11,969,245157
3,16,3,2091,65536,0;0;7;9,969,245157
3,16,4,7551,65536,0;2;7;7,969,245157
3,16,5,20403,65536,0;4;5;7,969,245157
3,16,6,40654,65536,0;4;5;7,969,245157
3,16,7,59101,65536,0;0;1;15,969,245157
3,16,8,65536,65536,0;0;0;16,969,245157
3,16,9,65536,65536,0;0;0;16,969,245157
3,16,10,65536,65536,0;0;0;16,969,245157
3,16,11,65536,65536,0;0;0;16,969,245157
3,16,12,65536,65536,0;0;0;16,969,245157
3,16,13,65536,65536,0;0;0;16,969,245157
3,16,14,65536,65536,0;0;0;16,969,245157
3,16,15,65536,65536,0;0;0;16,969,245157
3,16,16,65536,65536,0;0;0;16,969,245157
3,17,0,3,131072,0;0;1;16,1140,346104
3,17,1,54,131072,0;0;3;14,1140,346104
3,17,2,462,131072,0;0;5;12,1140,346104
3,17,3,2502,131072,0;0;7;10,1140,346104
3,17,4,9642,131072,0;1;8;8,1140,346104
3,17,5,28206,131072,0;5;6;6,1140,346104
3,17,6,62563,131072,0;5;6;6,1140,346104
3,17,7,102528,131072,0;5;6;6,1140,346104
3,17,8,131072,131072,0;0;0;17,1140,346104
3,17,9,131072,131072,0;0;0;17,1140,346104
3,17,10,131072,131072,0;0;0;17,1140,346104
3,17,11,131072,131072,0;0;0;17,1140,346104
3,17,12,131072,131072,0;0;0;17,1140,346104
3,17,13,131072,131072,0;0;0;17,1140,346104
3,17,14,131072,131072,0;0;0;17,1140,346104
3,17,15,131072,131072,0;0;0;17,1140,346104
3,17,16,131072,131072,0;0;0;17,1140,346104
3,17,17,131072,131072,0;0;0;17,1140,346104
3,18,0,3,262144,0;0;1;17,1330,480700
3,18,1,57,262144,0;0;3;15,1330,480700
3,18,2,516,262144,0;0;5;13,1330,480700
3,18,3,2964,262144,0;0;7;11,1330,480700
3,18,4,12144,262144,0;0;9;9,1330,480700
3,18,5,37848,262144,0;4;7;7,1330,480700
3,18,6,91692,262144,0;4;7;7,1330,480700
3,18,7,169526,262144,0;4;7;7,1330,480700
3,18,8,237834,262144,0;0;1;17,1330,480700
3,18,9,262144,262144,0;0;0;18,1330,480700
3,18,10,262144,262144,0;0;0;18,1330,480700
3,18,11,262144,262144,0;0;0;18,1330,480700
3,18,12,262144,262144,0;0;0;18,1330,480700
3,18,13,262144,262144,0;0;0;18,1330,480700
3,18,14,262144,262144,0;0;0;18,1330,480700
3,18,15,262144,262144,0;0;0;18,1330,480700
3,18,16,262144,262144,0;0;0;18,1330,480700
3,18,17,262144,262144,0;0;0;18,1330,480700
3,18,18,262144,262144,0;0;0;18,1330,480700
3,19,0,3,524288,0;0;1;18,1540,657800
3,19,1,60,524288,0;0;3;16,1540,657800
3,19,2,573,524288,0;0;5;14,1540,657800
3,19,3,3480,524288,0;0;7;12,1540,657800
3,19,4,15108,524288,0;0;9;10,1540,657800
3,19,5,49992,524288,0;3;8;8,1540,657800
3,19,6,130464,524288,0;5;6;8,1540,657800
3,19,7,266720,524288,0;5;6;8,1540,657800
3,19,8,416777,524288,0;5;6;8,1540,657800
3,19,9,524288,524288,0;0;0;19,1540,657800
3,19,10,524288,524288,0;0;0;19,1540,657800
3,19,11,524288,524288,0;0;0;19,1540,657800
3,19,12,524288,524288,0;0;0;19,1540,657800
3,19,13,524288,524288,0;0;0;19,1540,657800
3,19,14,524288,524288,0;0;0;19,1540,657800
3,19,15,524288,524288,0;0;0;19,1540,657800
3,19,16,524288,524288,0;0;0;19,1540,657800
3,19,17,524288,524288,0;0;0;19,1540,657800
3,19,18,524288,524288,0;0;0;19,1540,657800
3,19,19,524288,524288,0;0;0;19,1540,657800
3,20,0,3,1048576,0;0;1;19,1771,888030
3,20,1,63,1048576,0;0;3;17,1771,888030
3,20,2,633,1048576,0;0;5;15,1771,888030
3,20,3,4053,1048576,0;0;7;13,1771,888030
3,20,4,18588,1048576,0;0;9;11,1771,888030
3,20,5,65100,1048576,0;2;9;9,1771,888030
3,20,6,181380,1048576,0;6;7;7,1771,888030
3,20,7,403645,1048576,0;6;7;7,1771,888030
3,20,8,702124,1048576,0;6;7;7,1771,888030
3,20,9,956198,1048576,0;0;1;19,1771,888030
3,20,10,1048576,1048576,0;0;0;20,1771,888030
3,20,11,1048576,1048576,0;0;0;20,1771,888030
3,20,12,1048576,1048576,0;0;0;20,1771,888030
3,20,13,1048576,1048576,0;0;0;20,1771,888030
3,20,14,1048576,1048576,0;0;0;20,1771,888030
3,20,15,1048576,1048576,0;0;0;20,1771,888030
3,20,16,1048576,1048576,0;0;0;20,1771,888030
3,20,17,1048576,1048576,0;0;0;20,1771,888030
3,20,18,1048576,1048576,0;0;0;20,1771,888030
3,20,19,1048576,1048576,0;0;0;20,1771,888030
3,20,20,1048576,1048576,0;0;0;20,1771,888030
3,21,0,3,2097152,0;0;1;20,2024,1184040
3,21,1,66,2097152,0;0;3;18,2024,1184040
3,21,2,696,2097152,0;0;5;16,2024,1184040
3,21,3,4686,2097152,0;0;7;14,2024,1184040
3,21,4,22641,2097152,0;0;9;12,2024,1184040
3,21,5,83688,2097152,0;1;10;10,2024,1184040
3,21,6,246480,2097152,0;5;8;8,2024,1184040
3,21,7,588456,2097152,0;5;8;8,2024,1184040
3,21,8,1126061,2097152,0;5;8;8,2024,1184040
3,21,9,1689878,2097152,0;5;8;8,2024,1184040
3,21,10,2097152,2097152,0;0;0;21,2024,1184040
3,21,11,2097152,2097152,0;0;0;21,2024,1184040
3,21,12,2097152,2097152,0;0;0;21,2024,1184040
3,21,13,2097152,2097152,0;0;0;21,2024,1184040
3,21,14,2097152,2097152,0;0;0;21,2024,1184040
3,21,15,2097152,2097152,0;0;0;21,2024,1184040
3,21,16,2097152,2097152,0;0;0;21,2024,1184040
3,21,17,2097152,2097152,0;0;0;21,2024,1184040
3,21,18,2097152,2097152,0;0;0;21,2024,1184040
3,21,19,2097152,2097152,0;0;0;21,2024,1184040
3,21,20,2097152,2097152,0;0;0;21,2024,1184040
3,21,21,2097152,2097152,0;0;0;21,2024,1184040
3,22,0,3,4194304,0;0;1;21,2300,1560780
3,22,1,69,4194304,0;0;3;19,2300,1560780
3,22,2,762,4194304,0;0;5;17,2300,1560780
3,22,3,5382,4194304,0;0;7;15,2300,1560780
3,22,4,27327,4194304,0;0;9;13,2300,1560780
3,22,5,106329,4194304,0;0;11;11,2300,1560780
3,22,6,330168,4194304,0;4;9;9,2300,1560780
3,22,7,838368,4194304,0;6;7;9,2300,1560780
3,22,8,1738485,4194304,0;6;7;9,2300,1560780
3,22,9,2884315,4194304,0;6;7;9,2300,1560780
3,22,10,3841588,4194304,0;0;1;21,2300,1560780
3,22,11,4194304,4194304,0;0;0;22,2300,1560780
3,22,12,4194304,4194304,0;0;0;22,2300,1560780
3,22,13,4194304,4194304,0;0;0;22,2300,1560780
3,22,14,4194304,4194304,0;0;0;22,2300,1560780
3,22,15,4194304,4194304,0;0;0;22,2300,1560780
3,22,16,4194304,4194304,0;0;0;22,2300,1560780
3,22,17,4194304,4194304,0;0;0;22,2300,1560780
3,22,18,4194304,4194304,0;0;0;22,2300,1560780
3,22,19,4194304,4194304,0;0;0;22,2300,1560780
3,22,20,4194304,4194304,0;0;0;22,2300,1560780
3,22,21,4194304,4194304,0;0;0;22,2300,1560780
3,22,22,4194304,4194304,0;0;0;22,2300,1560780
3,23,0,3,8388608,0;0;1;22,2600,2035800
3,23,1,72,8388608,0;0;3;20,2600,2035800
3,23,2,831,8388608,0;0;5;18,2600,2035800
3,23,3,6144,8388608,0;0;7;16,2600,2035800
3,23,4,32709,8388608,0;0;9;14,2600,2035800
3,23,5,133656,8388608,0;0;11;12,2600,2035800
3,23,6,436497,8388608,0;3;10;10,2600,2035800
3,23,7,1171968,8388608,0;7;8;8,2600,2035800
3,23,8,2604301,8388608,0;7;8;8,2600,2035800
3,23,9,4717496,8388608,0;7;8;8,2600,2035800
3,23,10,6837425,8388608,0;7;8;8,2600,2035800
3,23,11,8388608,8388608,0;0;0;23,2600,2035800
3,23,12,8388608,8388608,0;0;0;23,2600,2035800
3,23,13,8388608,8388608,0;0;0;23,2600,2035800
3,23,14,8388608,8388608,0;0;0;23,2600,2035800
3,23,15,8388608,8388608,0;0;0;23,2600,2035800
3,23,16,8388608,8388608,0;0;0;23,2600,2035800
3,23,17,8388608,8388608,0;0;0;23,2600,2035800
3,23,18,8388608,8388608,0;0;0;23,2600,2035800
3,23,19,8388608,8388608,0;0;0;23,2600,2035800
3,23,20,8388608,8388608,0;0;0;23,2600,2035800
3,23,21,8388608,8388608,0;0;0;23,2600,2035800
3,23,22,8388608,8388608,0;0;0;23,2600,2035800
3,23,23,8388608,8388608,0;0;0;23,2600,2035800
3,24,0,3,16777216,0;0;1;23,2925,2629575
3,24,1,75,16777216,0;0;3;21,2925,2629575
3,24,2,903,16777216,0;0;5;19,2925,2629575
3,24,3,6975,16777216,0;0;7;17,2925,2629575
3,24,4,38853,16777216,0;0;9;15,2925,2629575
3,24,5,166365,16777216,0;0;11;13,2925,2629575
3,24,6,570153,16777216,0;2;11;11,2925,2629575
3,24,7,1608465,16777216,0;6;9;9,2925,2629575
3,24,8,3789138,16777216,0;6;9;9,2925,2629575
3,24,9,7411432,16777216,0;6;9;9,2925,2629575
3,24,10,11807362,16777216,0;6;9;9,2925,2629575
3,24,11,15425138,16777216,0;0;1;23,2925,2629575
3,24,12,16777216,16777216,0;0;0;24,2925,2629575
3,24,13,16777216,16777216,0;0;0;24,2925,2629575
3,24,14,16777216,16777216,0;0;0;24,2925,2629575
3,24,15,16777216,16777216,0;0;0;24,2925,2629575
3,24,16,16777216,16777216,0;0;0;24,2925,2629575
3,24,17,16777216,16777216,0;0;0;24,2925,2629575
3,24,18,16777216,16777216,0;0;0;24,2925,2629575
3,24,19,16777216,16777216,0;0;0;24,2925,2629575
3,24,20,16777216,16777216,0;0;0;24,2925,2629575
3,24,21,16777216,16777216,0;0;0;24,2925,2629575
3,24,22,16777216,16777216,0;0;0;24,2925,2629575
3,24,23,16777216,16777216,0;0;0;24,2925,2629575
3,24,24,16777216,16777216,0;0;0;24,2925,2629575
4,0,0,1,1,0;0;0;0;0;0;0;0,1,1
4,1,0,2,2,0;0;0;0;0;0;0;1,8,16
4,1,1,2,2,0;0;0;0;0;0;0;1,8,16
4,2,0,4,4,0;0;0;0;0;1;1;0,36,136
4,2,1,4,4,0;0;0;0;0;0;0;2,36,136
4,2,2,4,4,0;0;0;0;0;0;0;2,36,136
4,3,0,4,8,0;0;0;0;0;1;1;1,120,816
4,3,1,8,8,0;0;0;0;0;0;0;3,120,816
4,3,2,8,8,0;0;0;0;0;0;0;3,120,816
4,3,3,8,8,0;0;0;0;0;0;0;3,120,816
4,4,0,4,16,0;0;0;0;0;1;1;2,330,3876
4,4,1,16,16,0;0;0;0;0;1;3;0,330,3876
4,4,2,16,16,0;0;0;0;0;0;0;4,330,3876
4,4,3,16,16,0;0;0;0;0;0;0;4,330,3876
4,4,4,16,16,0;0;0;0;0;0;0;4,330,3876
4,5,0,4,32,0;0;0;0;0;1;1;3,792,15504
4,5,1,24,32,0;0;0;1;0;2;2;0,792,15504
4,5,2,32,32,0;0;0;0;0;0;0;5,792,15504
4,5,3,32,32,0;0;0;0;0;0;0;5,792,15504
4,5,4,32,32,0;0;0;0;0;0;0;5,792,15504
4,5,5,32,32,0;0;0;0;0;0;0;5,792,15504
4,6,0,4,64,0;0;0;0;0;1;1;4,1716,54264
4,6,1,28,64,0;0;0;0;0;3;3;0,1716,54264
4,6,2,64,64,0;0;0;0;0;1;5;0,1716,54264
4,6,3,64,64,0;0;0;0;0;0;0;6,1716,54264
4,6,4,64,64,0;0;0;0;0;0;0;6,1716,54264
4,6,5,64,64,0;0;0;0;0;0;0;6,1716,54264
4,6,6,64,64,0;0;0;0;0;0;0;6,1716,54264
4,7,0,4,128,0;0;0;0;0;1;1;5,3432,170544
4,7,1,32,128,0;0;0;0;0;3;3;1,3432,170544
4,7,2,104,128,0;0;0;1;0;2;4;0,3432,170544
4,7,3,128,128,0;0;0;0;0;0;0;7,3432,170544
4,7,4,128,128,0;0;0;0;0;0;0;7,3432,170544
4,7,5,128,128,0;0;0;0;0;0;0;7,3432,170544
4,7,6,128,128,0;0;0;0;0;0;0;7,3432,170544
4,7,7,128,128,0;0;0;0;0;0;0;7,3432,170544
4,8,0,4,256,0;0;0;0;0;1;1;6,6435,490314
4,8,1,36,256,0;0;0;0;0;3;3;2,6435,490314
4,8,2,148,256,0;0;0;2;0;3;3;0,6435,490314
4,8,3,256,256,0;0;0;0;0;1;7;0,6435,490314
4,8,4,256,256,0;0;0;0;0;0;0;8,6435,490314
4,8,5,256,256,0;0;0;0;0;0;0;8,6435,490314
4,8,6,256,256,0;0;0;0;0;0;0;8,6435,490314
4,8,7,256,256,0;0;0;0;0;0;0;8,6435,490314
4,8,8,256,256,0;0;0;0;0;0;0;8,6435,490314
